OBJECTID,NEIGH_NO,NEIGH_NAME,DETL_NAMES,NEIGHDIST_NO,NEIGHDIST_NAME,AREA_ACRES,AREA_SQMI,F1990_PL_data_TOT_POP,F1990_PL_data_WHITE_NOT,F1990_PL_data_BLACK_NOT,F1990_PL_data_AMI_NOT,F1990_PL_data_ASIAN_NOT,F1990_PL_data_OTHER_NOT,F1990_PL_data_WHITE_HISP,F1990_PL_data_BLACK_HISP,F1990_PL_data_AMI_HISP,F1990_PL_data_ASIAN_HISP,F1990_PL_data_OTHER_HISP,F1990_PL_data_HISPANIC,F1990_PL_data_NOT_HISP,F1990_PL_data_POC,F1990_PL_data_POP_UNDER_18,F1990_PL_data_POC_U_18,F1990_PL_data_POP_OVER_18,F1990_PL_data_HU,F1990_PL_data_HU_OCC,F1990_PL_data_HU_VAC,F2000_PL_data_TOT_POP,F2000_PL_data_POP_ONE,F2000_PL_data_WHITE_ALONE,F2000_PL_data_BLACK_ALONE,F2000_PL_data_AMI_ALONE,F2000_PL_data_ASIAN_ALONE,F2000_PL_data_PI_ALONE,F2000_PL_data_OTHER_ALONE,F2000_PL_data_TWO_MORE,F2000_PL_data_HISPANIC,F2000_PL_data_NOT_HISPANIC,F2000_PL_data_WHITE_NOT_HISPANI,F2000_PL_data_BLACK_NOT_HISPANI,F2000_PL_data_AMI_NOT_HISPANIC,F2000_PL_data_ASIAN_NOT_HISPANI,F2000_PL_data_PI_NOT_HISPANIC,F2000_PL_data_OTHER_NOT_HISPANI,F2000_PL_data_TWO__NOT_HISPANIC,F2000_PL_data_POC,F2000_PL_data_POP_OVER_18,F2000_PL_data_POP_UNDER_18,F2000_PL_data_U_18_POC,F2000_PL_data_HU,F2000_PL_data_HU_OCC,F2000_PL_data_HU_VAC,F2010_PL_data_TOT_POP,F2010_PL_data_POP_ONE,F2010_PL_data_WHITE_ALONE,F2010_PL_data_BLACK_ALONE,F2010_PL_data_AMI_ALONE,F2010_PL_data_ASIAN_ALONE,F2010_PL_data_PI_ALONE,F2010_PL_data_OTHER_ALONE,F2010_PL_data_TWO_MORE,F2010_PL_data_HISPANIC,F2010_PL_data_NOT_HISPANIC,F2010_PL_data_WHITE_NOT_HISPANI,F2010_PL_data_BLACK_NOT_HISPANI,F2010_PL_data_AMI_NOT_HISPANIC,F2010_PL_data_ASIAN_NOT_HISPANI,F2010_PL_data_PI_NOT_HISPANIC,F2010_PL_data_OTHER_NOT_HISPANI,F2010_PL_data_TWO__NOT_HISPANIC,F2010_PL_data_POC,F2010_PL_data_POP_OVER_18,F2010_PL_data_POP_UNDER_18,F2010_PL_data_U_18_POC,F2010_PL_data_HU,F2010_PL_data_HU_OCC,F2010_PL_data_HU_VACANT,F2020_PL_data_TOT_POP,F2020_PL_data_POP_ONE,F2020_PL_data_WHITE_ALONE,F2020_PL_data_BLACK_ALONE,F2020_PL_data_AMI_ALONE,F2020_PL_data_ASIAN_ALONE,F2020_PL_data_PI_ALONE,F2020_PL_data_OTHER_ALONE,F2020_PL_data_TWO_MORE,F2020_PL_data_HISPANIC,F2020_PL_data_NOT_HISPANIC,F2020_PL_data_WHITE_NOT_HISPANI,F2020_PL_data_BLACK_NOT_HISPANI,F2020_PL_data_AMI_NOT_HISPANIC,F2020_PL_data_ASIAN_NOT_HISPANI,F2020_PL_data_PI_NOT_HISPANIC,F2020_PL_data_OTHER_NOT_HISPANI,F2020_PL_data_TWO__NOT_HISPANIC,F2020_PL_data_POC,F2020_PL_data_POP_OVER_18,F2020_PL_data_POP_UNDER_18,F2020_PL_data_U_18_POC,F2020_PL_data_HU,F2020_PL_data_HU_OCC,F2020_PL_data_HU_VACANT,F1990_PL_data_GQ_I,F1990_PL_data_GQ_N_I,F2000_PL_data_GQ_I,F2000_PL_data_GQ_N_I,F2010_PL_data_GQ_I,F2010_PL_data_GQ_N_I,F2020_PL_data_GQ_I,F2020_PL_data_GQ_N_I,Shape__Area,Shape__Length
1,1.1,Arbor Heights,"Arbor Heights, Brace Point, Endolyne, Arroyo",1,Southwest,785.9,1.23,6247,5603,79,82,275,3,104,2,1,17,81,205,6042,644,1284,189,4963,2649,2595,54,6146,5926,5334,119,67,315,19,72,220,224,5922,5223,110,62,311,18,8,190,923,4919,1227,313,2703,2615,88,6030,5687,5082,98,43,326,33,105,343,365,5665,4890,90,36,322,31,16,280,1140,4869,1161,342,2752,2612,140,6353,5667,4921,134,44,366,15,187,686,502,5851,4814,127,29,353,13,59,456,1539,5075,1278,456,2782,2659,123,0,0,0,8,5,3,0,5,34233874.1201172,27702.7276458367
2,1.2,Fauntleroy/Seaview,"Fauntleroy, Gatewood, Morgan Junction, Lincoln Park, Seaview, Fairmount Park",1,Southwest,1393.1,2.18,12919,11746,261,126,455,8,171,12,12,18,110,323,12596,1173,2074,280,10845,6310,6079,231,13186,12741,11574,331,110,481,48,197,445,485,12701,11328,321,107,478,48,40,379,1858,11052,2134,469,6540,6329,211,13723,13062,11777,349,89,625,29,193,661,672,13051,11420,340,76,614,29,23,549,2303,11352,2371,649,6920,6513,407,14941,13341,11675,316,101,850,46,353,1600,1047,13894,11421,311,65,840,41,107,1109,3520,12290,2651,915,7099,6770,329,122,23,103,9,86,25,53,48,60685103.6318665,48830.0483169182
3,1.3,West Seattle Junction/Genesee Hill,"Seaview, Fairmount Park, Morgan Junction, Genesee Hill, Belvidere, West Seattle Junction, Alaska Junction, Admiral",1,Southwest,1447.5,2.26,16017,14607,249,159,534,17,267,4,17,23,140,451,15566,1410,2769,351,13248,7529,7248,281,16312,15727,14278,376,160,597,60,256,585,700,15612,13906,366,138,586,59,38,519,2406,13561,2751,651,7913,7655,258,17713,16856,15299,342,122,855,46,192,857,845,16868,14803,328,102,845,43,30,717,2910,14511,3202,768,8889,8372,517,23352,20761,17821,584,119,1688,50,499,2591,1675,21677,17379,550,76,1657,43,114,1858,5973,19371,3981,1277,11820,11233,587,504,0,431,0,350,20,299,94,63054619.6175079,38739.8962573325
4,1.4,Alki/Admiral,"Alki, Admiral",1,Southwest,898.3,1.4,9880,9212,82,64,288,3,141,2,3,6,79,231,9649,668,1197,101,8683,5323,5137,186,10242,9915,9208,113,71,411,12,100,327,262,9980,9071,107,62,406,10,31,293,1171,8987,1255,192,5708,5456,252,10542,10153,9240,188,73,554,6,92,389,411,10131,8957,180,64,550,6,27,347,1585,9034,1508,374,6068,5528,540,11802,10699,9470,243,82,716,6,182,1103,699,11103,9273,231,66,702,6,56,769,2529,10104,1698,526,6163,5778,385,143,3,101,0,107,24,149,33,39129742.8796234,50339.6564153755
5,2.1,North Delridge,"North Delridge, Pigeon Point, Avalon, Luna Park, Harbor Island",2,Delridge Neighborhoods,1606.9,2.51,3724,2844,315,84,308,4,79,1,9,8,72,169,3555,880,761,271,2963,1785,1597,188,4338,4114,3104,321,49,426,44,170,224,368,3970,2985,310,42,422,42,7,162,1353,3655,683,377,2257,2110,147,4787,4514,3529,318,52,402,30,183,273,517,4270,3294,300,37,399,24,8,208,1493,4104,683,334,2618,2403,215,6257,5433,4106,370,46,702,29,180,824,614,5643,3942,357,27,691,29,36,561,2315,5367,890,455,3362,3163,199,0,84,0,49,1,16,0,52,69994939.1828003,64237.7426816208
6,2.2,High Point,"High Point, Delridge",2,Delridge Neighborhoods,553.2,0.86,5527,2139,1317,215,1441,15,133,22,34,55,156,400,5127,3388,2040,1523,3487,2080,1943,137,6140,5576,1899,1323,151,1632,128,443,564,717,5423,1779,1266,112,1626,127,30,483,4361,3983,2157,1843,2208,2111,97,7064,6634,2745,2319,85,1058,119,308,430,730,6334,2502,2261,64,1045,115,17,330,4562,4891,2173,1819,2805,2624,181,8657,7704,3497,2549,85,1190,54,329,953,841,7816,3340,2506,61,1175,52,47,635,5317,6328,2329,1866,3464,3350,114,0,0,42,0,53,5,46,64,24096694.2128601,22626.0082154467
7,2.3,Riverview,"Riverview, Delridge",2,Delridge Neighborhoods,1005.9,1.57,3550,2158,272,108,757,17,82,15,15,30,96,238,3312,1392,1034,514,2516,1241,1196,45,4318,4002,2008,440,75,1188,118,173,316,293,4025,1926,437,74,1183,118,12,275,2392,3170,1148,804,1474,1415,59,4596,4300,2397,481,64,1126,74,158,296,376,4220,2259,466,36,1122,74,18,245,2337,3535,1061,741,1759,1667,92,5063,4426,2636,434,74,1093,43,146,637,489,4574,2538,424,43,1082,41,22,424,2525,4017,1046,633,1901,1820,81,0,13,0,0,10,3,6,35,43817259.5769348,37828.4217614745
8,2.4,Roxhill/Westwood,"Roxhill, Westwood, South Delridge, White Center",2,Delridge Neighborhoods,978.5,1.53,10932,7856,735,233,1408,29,304,15,30,33,289,671,10261,3076,2525,1001,8407,4832,4654,178,12077,11361,7390,1143,198,1617,155,858,716,1344,10733,7053,1087,183,1616,155,40,599,5024,9407,2670,1628,5388,5188,200,12392,11578,7685,1106,205,1598,98,886,814,1923,10469,6969,1072,137,1577,97,19,598,5423,9789,2603,1646,5678,5323,355,12877,11109,7372,1119,168,1469,86,895,1768,2015,10862,7038,1094,73,1459,80,84,1034,5839,10501,2376,1445,5865,5614,251,0,12,0,0,0,0,0,21,42622650.6280365,33451.4986286928
9,2.5,Highland Park,"Highland Park, Westwood, White Center, South Delridge",2,Delridge Neighborhoods,897.7,1.4,5436,3790,362,124,805,11,172,7,8,34,123,344,5092,1646,1328,500,4108,2160,2083,77,6045,5644,3248,615,96,1208,93,384,401,587,5458,3103,603,91,1208,93,19,341,2942,4468,1577,1079,2286,2213,73,6065,5609,3364,432,127,1236,93,357,456,896,5169,3004,409,86,1220,93,10,347,3061,4797,1268,909,2895,2398,497,6689,5760,3541,601,108,1036,69,405,929,996,5693,3378,582,72,1030,64,29,538,3311,5461,1228,772,2928,2787,141,19,2,20,6,4,14,0,65,39103231.3899078,31097.8436605651
10,3.1,South Park,South Park,3,Greater Duwamish,693.9,1.08,2845,1755,229,82,351,2,154,9,14,15,234,426,2419,1090,771,362,2074,1242,1128,114,3708,3494,1618,312,74,524,51,915,214,1378,2330,1255,288,55,522,48,5,157,2453,2677,1031,831,1297,1224,73,3873,3643,1711,402,75,616,62,777,230,1456,2417,1235,344,46,609,61,7,115,2638,2907,966,816,1473,1300,173,3707,3163,1378,372,104,591,46,672,544,1175,2532,1240,361,48,581,39,23,240,2467,2930,777,660,1467,1362,105,0,27,76,0,98,0,25,68,30228043.4118958,36300.1031653932
11,3.2,Georgetown,Georgetown,3,Greater Duwamish,1183.9,1.85,1238,808,97,63,117,1,48,5,16,4,79,152,1086,430,234,117,1004,671,611,60,1181,1112,724,78,30,163,19,98,69,174,1007,667,78,25,163,19,2,53,514,1000,181,133,667,585,82,1287,1237,904,95,25,126,4,83,50,158,1129,842,92,19,125,4,4,43,445,1124,163,105,675,619,56,1457,1276,950,90,14,166,2,54,181,142,1315,922,90,9,162,2,11,119,535,1302,155,81,802,734,68,0,18,0,19,0,84,0,41,51570826.0412445,44780.4190728638
12,3.3,Duwamish/SODO,"Duwamish, SODO, Pioneer Square",3,Greater Duwamish,2343.5,3.66,2331,1117,344,79,655,7,36,17,6,5,65,129,2202,1214,240,199,2091,831,777,54,2602,2467,1169,377,73,712,8,128,135,239,2363,1068,370,70,710,7,36,102,1534,2325,277,223,1038,994,44,2354,2226,1171,244,95,534,14,168,128,296,2058,1066,238,91,532,14,12,105,1288,2110,244,197,1104,994,110,3611,3229,1928,306,70,675,24,226,382,459,3152,1798,294,55,670,23,18,294,1813,3298,313,222,1812,1627,185,0,729,0,656,0,420,0,676,102080799.928497,53360.7570739473
13,3.4,South Beacon Hill/NewHolly,"South Beacon Hill, NewHolly, Holly Park",3,Greater Duwamish,1549.5,2.42,10483,1921,3622,200,4208,23,109,30,29,142,199,509,9974,8562,3291,2942,7192,3703,3531,172,11452,10786,1378,2767,86,5959,229,367,666,683,10769,1193,2726,80,5921,229,18,602,10259,8283,3169,3049,3675,3452,223,14551,13787,1910,4073,75,7296,102,331,764,836,13715,1614,4011,64,7261,100,12,653,12937,10659,3892,3707,4679,4443,236,15037,14028,2211,3895,88,7237,82,515,1009,963,14074,2098,3866,37,7217,82,60,714,12939,11519,3518,3278,4891,4718,173,0,22,0,65,0,190,9,58,67496709.7840881,44496.5606991094
14,3.5,Beacon Hill,Beacon Hill,3,Greater Duwamish,841.1,1.31,7832,1972,1305,105,4124,7,98,26,7,76,112,319,7513,5860,1805,1535,6027,2696,2617,79,9002,8591,1763,1206,94,5242,120,166,411,364,8638,1638,1177,84,5226,120,30,363,7364,7034,1968,1812,2859,2773,86,9101,8544,2067,1031,62,5087,69,228,557,581,8520,1854,1011,42,5064,59,23,467,7247,7302,1799,1560,3166,2980,186,9611,8709,2521,775,88,4804,29,492,902,890,8721,2425,764,31,4791,29,48,633,7186,7836,1775,1409,3305,3163,142,0,41,0,259,0,95,0,108,36636855.3012695,27112.9105943031
15,3.6,North Beacon Hill/Jefferson Park,"North Beacon Hill, Jefferson Park",3,Greater Duwamish,1232,1.92,12490,2966,2292,283,6249,46,140,37,37,169,271,654,11836,9524,2774,2361,9716,4970,4758,212,13341,12385,3397,1858,215,6105,109,701,956,1549,11792,2898,1823,140,6083,105,41,702,10443,10511,2830,2558,5254,4992,262,13782,12989,4772,1735,130,5066,49,1237,793,2099,11683,4165,1678,100,5023,46,26,645,9617,11322,2460,2029,6047,5568,479,15953,14104,6252,1801,204,4606,49,1192,1849,2201,13752,5967,1773,85,4575,48,74,1230,9986,13443,2510,1845,6960,6578,382,234,5,52,241,82,141,186,341,53665453.1933289,37207.4639898794
16,4.1,Rainier Beach,"Rainier Beach, Rainier View, Lake Ridge, Dunlap",4,Southeast,1363.1,2.13,13046,5155,4192,210,2942,21,133,64,26,114,189,526,12520,7891,3555,2708,9491,5301,4818,483,14658,13657,4022,4608,147,4189,244,447,1001,919,13739,3761,4523,122,4177,232,38,886,10897,10883,3775,3320,5341,5134,207,14597,13603,3775,4630,124,4325,172,577,994,1263,13334,3414,4543,94,4280,157,26,820,11183,11208,3389,2962,5542,5144,398,15532,14033,4176,4336,141,4311,110,959,1499,1727,13805,4008,4258,70,4269,103,67,1030,11524,12176,3356,2841,5806,5521,285,0,95,7,172,0,151,0,64,59374855.1426239,54987.9705122585
17,4.2,Columbia City,"Columbia City, Brighton, Mt. Baker, Lakewood, Genesee, Hillman City",4,Southeast,1310.2,2.05,16908,4277,6502,251,5109,48,158,107,26,141,289,721,16187,12631,4903,4166,12005,6473,6014,459,16681,15508,4195,4874,176,5396,230,637,1173,1121,15560,3868,4825,150,5361,217,70,1069,12813,12501,4180,3604,6065,5775,290,16883,15875,5576,4521,126,4948,152,552,1008,1340,15543,5020,4455,91,4922,152,47,856,11863,13191,3692,2938,6720,6287,433,22074,19898,8288,5113,185,5330,110,872,2176,1908,20166,7990,5012,92,5292,103,112,1565,14084,17888,4186,3103,9280,8896,384,188,32,281,73,222,152,220,172,57072692.2732849,45667.7424621736
18,4.3,Seward Park,"Seward Park, Hillman City",4,Southeast,1010.6,1.58,7043,3640,1554,54,1476,24,114,10,2,65,104,295,6748,3403,1681,1018,5362,2710,2614,96,9230,8627,4101,1606,62,2429,88,341,603,645,8585,3886,1575,53,2420,88,33,530,5344,6975,2255,1528,3408,3292,116,9254,8746,4796,1510,25,2029,57,329,508,763,8491,4492,1455,17,2013,54,24,436,4762,7142,2112,1169,3607,3407,200,9687,8601,4973,1368,73,1685,39,463,1086,883,8804,4846,1352,21,1677,37,125,746,4841,7603,2084,1179,3811,3630,181,142,9,196,34,168,28,133,12,44022748.1191406,41505.0650848907
19,4.4,Mt. Baker/North Rainier,"Mt. Baker, North Rainier, Atlantic",4,Southeast,629.9,0.98,5409,2559,1786,62,874,10,37,32,5,8,36,118,5291,2850,1343,777,4066,2204,2096,108,5717,5467,3003,1338,59,1001,7,59,250,128,5589,2948,1325,53,1001,6,15,241,2769,4401,1316,746,2392,2313,79,5906,5536,3382,1004,43,984,14,109,370,285,5621,3275,987,37,982,11,14,315,2631,4627,1279,628,2558,2418,140,6747,5935,3764,864,45,1071,6,185,812,470,6277,3698,854,34,1064,6,42,579,3049,5479,1268,670,2946,2813,133,70,0,0,44,3,28,0,28,27439653.4281921,29849.6262622726
20,5.1,Madrona/Leschi,"Madrona, Leschi, Harrison/Denny-Blaine",5,Central,827,1.29,9491,4870,3764,40,489,33,89,69,0,15,122,295,9196,4621,2055,1232,7436,4069,3785,284,9693,9253,5679,2850,55,473,25,171,440,423,9270,5483,2800,54,471,25,39,398,4210,7631,2062,1168,4188,3970,218,9974,9408,6411,2069,53,667,36,172,566,513,9461,6186,2037,36,664,34,26,478,3788,7972,2002,932,4522,4182,340,10910,9745,6955,1462,33,1017,14,264,1165,663,10247,6830,1426,26,1007,13,63,882,4080,8832,2078,996,4831,4551,280,184,50,260,59,137,87,120,25,36024341.2684326,40585.252375699
21,5.2,Judkins Park,"Judkins Park, Central Area, Little Saigon, Atlantic",5,Central,202.9,0.32,1875,259,759,26,789,3,6,9,3,10,11,39,1836,1616,383,354,1492,876,807,69,2134,1954,394,552,31,840,1,136,180,326,1808,280,539,13,837,1,4,134,1854,1691,443,422,941,888,53,2925,2739,1008,640,25,884,8,174,186,318,2607,902,638,14,876,7,6,164,2023,2525,400,345,1775,1492,283,4284,3816,1662,814,70,1031,16,223,468,412,3872,1578,802,49,1025,16,28,374,2706,3790,494,404,2425,2250,175,145,0,0,153,144,47,0,193,8837338.03665161,13582.310929366
22,5.3,Central Area/Squire Park,"Central Area, Mann, Minor, Squire Park",5,Central,849.6,1.33,14229,4483,8220,165,855,43,167,104,5,12,175,463,13766,9746,3091,2682,11138,7007,6309,698,15518,14622,7435,5661,127,776,46,577,896,1228,14290,6960,5583,111,765,44,65,762,8558,13013,2505,2051,7635,7274,361,16969,15905,10369,3668,106,1160,40,562,1064,1351,15618,9803,3614,87,1147,32,36,899,7166,14623,2346,1485,8879,8216,663,19945,17571,12050,2506,125,2225,59,606,2374,1776,18169,11652,2455,71,2194,52,113,1632,8293,17560,2385,1309,10614,9917,697,250,183,138,201,131,180,45,147,37007294.5110474,28540.7947276557
23,6.1,First Hill,"First Hill, Yesler Terrace, Squire Park",6,East,440.9,0.69,11889,7376,2134,342,1287,12,293,107,41,61,236,738,11151,4513,871,583,11018,6544,5807,737,15506,14898,9601,2597,306,1786,124,484,608,1099,14407,9105,2570,293,1773,120,37,509,6401,14540,966,741,7114,6539,575,15181,14574,9266,2245,252,2247,83,481,607,1185,13996,8721,2198,219,2226,82,55,495,6460,14357,824,663,9159,7628,1531,20322,18330,10711,2147,187,4495,101,689,1992,1924,18398,10204,2106,146,4438,96,98,1310,10118,19480,842,662,12068,10616,1452,2284,1244,3800,1957,1979,1966,1589,2879,19206217.0219727,21945.958277389
24,6.2,Capitol Hill,"Capitol Hill, Pike/Pine, Broadway, First Hill",6,East,426.5,0.67,15715,12494,1334,219,944,27,351,43,23,25,255,697,15018,3221,604,259,15111,12058,11041,1017,18324,17576,14307,1232,234,1381,57,365,748,990,17334,13827,1188,204,1371,55,65,624,4497,17682,642,367,13180,12618,562,19078,18052,14636,1058,169,1767,60,362,1026,1373,17705,13845,1037,141,1744,56,52,830,5233,18397,681,410,14333,13177,1156,27064,23998,17326,1394,163,4219,70,826,3066,2545,24519,16661,1346,98,4174,63,193,1984,10403,26184,880,604,20332,19122,1210,103,143,71,392,15,356,0,206,18579973.3768311,19343.7967546677
25,6.3,North Capitol Hill,"North Capitol Hill, Capitol Hill, North Broadway",6,East,283.7,0.44,4141,3672,148,43,175,2,70,2,3,2,24,101,4040,469,427,65,3714,2367,2243,124,4045,3910,3577,89,23,176,7,38,135,136,3909,3488,86,22,171,7,12,123,557,3657,388,94,2356,2290,66,4157,4000,3655,46,21,243,4,31,157,181,3976,3536,44,14,240,4,6,132,621,3716,441,91,2520,2294,226,4672,4178,3613,70,3,402,8,82,494,308,4364,3524,69,1,396,8,29,337,1148,4206,466,168,2769,2553,216,0,37,0,10,0,7,0,13,12356839.921814,18047.3824394853
26,6.4,Miller Park,"Madison-Miller, Miller Park, Capitol Hill, Stevens",6,East,364.2,0.57,6422,4731,1185,43,240,20,111,29,8,2,53,203,6219,1691,1156,383,5266,3006,2895,111,6462,6186,5081,735,33,264,5,68,276,212,6250,4966,727,27,263,4,15,248,1496,5387,1075,327,3127,3009,118,6705,6398,5472,493,13,356,7,57,307,288,6417,5283,487,11,352,7,8,269,1422,5558,1147,333,3302,3146,156,7764,6915,5655,387,45,681,7,140,849,471,7293,5545,376,26,675,6,54,611,2219,6560,1204,439,3856,3658,198,27,68,67,56,27,62,96,42,15863125.845459,18141.3121409905
27,6.5,Madison Park,"Madison Park, Broadmoor, Washington Park, Harrison/Denny-Blaine",6,East,558.6,0.87,5140,4864,110,10,91,2,47,0,0,2,14,63,5077,276,698,38,4442,2757,2636,121,5006,4947,4748,54,2,113,7,23,59,68,4938,4705,54,2,112,7,6,52,301,4302,704,52,2822,2672,150,4962,4821,4546,60,10,186,2,17,141,136,4826,4452,53,9,184,2,0,126,510,4064,898,136,2829,2526,303,5530,5090,4641,66,7,303,0,73,440,259,5271,4567,60,7,300,0,19,318,963,4597,933,251,2784,2540,244,214,0,0,49,26,0,171,0,24333969.4953918,26794.5430841267
28,7.1,Montlake/Portage Bay,"Montlake, Portage Bay, Interlaken Park, Eastlake, Roanoke Park, Washington Park",7,Northeast,951.1,1.49,8231,7353,304,41,349,8,100,12,7,6,51,176,8055,878,1117,128,7114,4216,4048,168,8247,8006,7259,216,35,437,5,54,241,167,8080,7148,211,33,435,5,19,229,1099,7183,1064,188,4305,4144,161,8644,8295,7384,167,26,608,10,100,349,284,8360,7210,161,19,606,10,37,317,1434,7445,1199,263,4690,4309,381,9742,8752,7419,192,41,926,10,164,990,532,9210,7276,185,26,924,9,78,712,2466,8396,1346,458,5088,4706,382,0,28,0,39,6,15,8,34,41429077.4847412,50694.3209813909
29,7.2,University District,"University District, Cowen Park, Ravenna",7,Northeast,957,1.5,15818,11847,461,160,2727,31,309,24,12,41,206,592,15226,3971,652,163,15166,5057,4870,187,16777,15952,12081,363,102,3126,47,233,825,691,16086,11720,355,88,3105,47,50,721,5057,16154,623,202,5251,5050,201,19051,17839,12527,437,95,4446,56,278,1212,955,18096,11948,424,78,4423,52,51,1120,7103,18445,606,178,5986,5587,399,25130,22857,12634,845,146,8191,91,950,2273,2293,22837,11879,801,101,8149,82,107,1718,13251,24024,1106,550,8072,7220,852,82,6177,0,6779,13,8209,29,10990,41688139.7703247,41126.8270653615
30,7.3,Ravenna/Bryant,"Ravenna, Bryant, Roosevelt, View Ridge, Hawthorne Hills, Windermere, University District",7,Northeast,1635.1,2.55,21524,18766,490,159,1552,26,305,6,6,30,184,531,20993,2758,3195,582,18329,9429,9154,275,22377,21599,18880,479,122,1840,49,229,778,693,21684,18479,467,112,1834,43,60,689,3898,18668,3709,901,9911,9604,307,24187,22961,19394,522,92,2586,38,329,1226,1083,23104,18761,492,72,2565,36,81,1097,5426,19960,4227,1232,10777,10177,600,27242,24190,18971,635,93,3854,35,602,3052,1712,25530,18525,600,77,3833,30,235,2230,8717,22313,4929,1912,11551,10953,598,236,1059,0,939,7,787,12,1336,71226010.5147705,45748.8504754546
31,7.4,Wedgwood/View Ridge,"Wedgwood, View Ridge, Bryant, Matthews Beach",7,Northeast,1502.6,2.35,14233,12266,238,81,1284,9,228,4,8,23,92,355,13878,1967,2567,470,11666,6317,6147,170,14531,14030,12089,217,67,1443,15,199,501,424,14107,11872,215,61,1435,15,44,465,2659,11700,2831,736,6344,6168,176,14837,14155,12112,233,79,1549,13,169,682,624,14213,11764,218,55,1531,12,26,607,3073,11658,3179,865,6526,6201,325,16629,14797,11818,258,80,2425,21,195,1832,837,15792,11628,250,56,2399,19,59,1381,5001,12915,3714,1458,6935,6681,254,130,0,76,163,55,29,3,47,65452932.6588745,41707.0858059412
32,7.5,Laurelhurst/Sand Point,"Laurelhurst, Windermere, Sand Point, Hawthorne Hills, Magnuson Park",7,Northeast,1403.7,2.19,9644,8500,151,57,697,9,163,4,1,8,54,230,9414,1144,2036,305,7608,4184,4075,109,9890,9609,8489,137,39,846,18,80,281,221,9669,8368,136,34,845,18,26,242,1522,7595,2295,465,4340,4187,153,10479,10044,8624,203,31,1064,32,90,435,320,10159,8440,197,26,1062,32,20,382,2039,7834,2645,681,4620,4268,352,11420,10334,8156,393,58,1479,37,211,1086,601,10819,8026,372,36,1467,37,75,806,3394,8634,2786,1057,4773,4513,260,57,139,0,94,22,154,76,94,61143162.5530396,53933.1430303389
33,8.1,Northgate/Maple Leaf,"Maple Leaf, Northgate, Pinehurst",8,North,1146.5,1.79,11438,9265,397,112,1210,11,228,20,14,26,155,443,10995,2173,1541,467,9897,5986,5755,231,12645,11993,9342,610,98,1592,44,307,652,594,12051,9122,598,88,1586,43,41,573,3523,10980,1665,687,6598,6369,229,14057,13214,9914,777,147,1893,83,400,843,1039,13018,9426,756,119,1878,83,40,716,4631,11863,2194,986,7608,6875,733,16343,14528,9962,962,125,2776,58,645,1815,1480,14863,9697,946,67,2748,54,109,1242,6646,13785,2558,1273,8117,7638,479,43,51,31,16,29,141,80,326,49941666.2973633,33701.0783374207
34,8.2,Olympic Hills/Victory Heights,"Lake City, Victory Heights, Olympic Hills, Pinehurst, Jackson Park",8,North,1393.5,2.18,12557,10132,368,149,1520,11,182,9,9,23,154,377,12180,2425,2052,581,10505,6052,5842,210,13903,13160,9820,582,125,2206,54,373,743,747,13156,9521,564,112,2201,53,61,644,4382,11663,2240,1045,6633,6448,185,14587,13773,9809,1018,141,2346,55,404,814,1158,13429,9240,987,102,2326,54,31,689,5347,12248,2339,1221,7126,6671,455,16430,14455,9592,1294,139,2670,41,719,1975,1701,14729,9264,1260,77,2648,36,123,1321,7166,13763,2667,1513,7566,7237,329,43,31,3,73,4,188,0,150,60698770.1082764,39947.9571506261
35,8.3,Cedar Park/Meadowbrook,"Cedar Park, Lake City, Meadowbrook, Matthews Beach",8,North,1210.7,1.89,10760,8526,471,103,1288,17,180,16,14,41,104,355,10405,2234,1928,592,8832,4972,4817,155,11879,11286,8600,698,89,1518,33,348,593,724,11155,8284,680,81,1508,33,64,505,3595,9668,2211,932,5345,5183,162,12798,12066,8660,1151,135,1649,67,404,732,1021,11777,8188,1126,101,1647,59,35,621,4610,10407,2391,1183,6237,5780,457,14861,13251,8741,1541,147,2159,44,619,1610,1431,13430,8478,1513,74,2133,35,108,1089,6383,12279,2582,1426,7028,6636,392,46,14,45,58,65,78,36,110,52737272.5606995,47441.2501005824
36,9.1,Broadview/Bitter Lake,"Broadview, Bitter Lake",9,Northwest,1478.5,2.31,11076,9737,205,121,679,7,209,9,5,16,88,327,10749,1339,1589,280,9487,5657,5402,255,12612,12183,10124,432,122,1237,40,228,429,606,12006,9789,423,106,1230,39,29,390,2823,10743,1869,650,6364,6160,204,13557,12902,10087,933,120,1354,47,361,655,782,12775,9750,926,104,1338,46,31,580,3807,11544,2013,840,7514,6740,774,15715,14142,10023,1507,112,1775,43,682,1573,1339,14376,9797,1486,80,1760,42,106,1105,5918,13077,2638,1380,8014,7597,417,204,35,260,172,350,70,129,118,64401922.3554993,39475.8813488495
37,9.2,Licton Springs,Licton Springs,9,Northwest,524.6,0.82,7362,5808,354,125,784,4,158,8,9,22,90,287,7075,1554,1151,383,6211,3641,3501,140,8174,7758,5763,516,131,1017,36,295,416,630,7544,5522,496,119,1008,35,17,347,2652,7147,1027,553,4041,3899,142,8875,8334,5999,566,82,1295,23,369,541,825,8050,5640,547,63,1281,23,26,470,3235,7738,1137,642,4580,4267,313,10194,8932,5921,658,136,1618,33,566,1262,1263,8931,5669,648,86,1597,32,58,841,4525,8860,1334,788,4954,4743,211,128,6,91,88,0,35,0,199,22853046.7428894,20290.1609046662
38,9.3,Greenwood/Phinney Ridge,"Greenwood, Phinney Ridge, Woodland Park, Crown Hill",9,Northwest,1533.9,2.4,21554,18753,390,362,1294,26,371,8,25,29,296,729,20825,2801,3525,687,18029,10322,9952,370,22501,21575,18935,496,254,1497,37,356,926,946,21555,18476,480,236,1485,34,60,784,4025,19025,3476,1018,10873,10559,314,23948,22864,20051,585,191,1538,58,441,1084,1341,22607,19272,572,155,1521,56,74,957,4676,20078,3870,1107,11664,11085,579,26995,24142,20505,570,170,2246,41,610,2853,1844,25151,20022,550,126,2218,34,181,2020,6973,22319,4676,1626,12750,12146,604,350,44,118,171,175,216,211,100,66816440.3814087,40919.7616462226
39,9.4,Green Lake,"Green Lake, Meridian, Roosevelt, Woodland Park",9,Northwest,1330,2.08,12187,11057,160,90,566,11,168,5,5,14,111,303,11884,1130,1622,211,10565,6216,6019,197,12852,12347,11194,200,76,765,20,92,505,355,12497,10987,182,72,761,20,26,449,1865,11266,1586,360,6532,6282,250,14212,13532,12010,205,59,1093,12,153,680,598,13614,11622,195,52,1086,11,49,599,2590,12253,1959,514,7234,6797,437,17851,15762,12989,336,67,2004,17,349,2089,1203,16648,12677,324,43,1990,15,94,1505,5174,15245,2606,1005,9076,8562,514,51,1,73,26,37,2,136,31,57934789.2826538,34020.9644909899
40,9.5,Haller Lake,"Haller Lake, Pinehurst",9,Northwest,1247.6,1.95,9051,7188,259,93,1198,19,128,11,4,48,103,294,8757,1863,1528,459,7523,4105,3972,133,9846,9310,6707,504,167,1678,17,237,536,595,9251,6430,486,151,1673,17,21,473,3416,8113,1733,874,4322,4239,83,10229,9590,6598,705,90,1777,34,386,639,847,9382,6251,681,82,1763,31,47,527,3978,8419,1810,961,4699,4435,264,10900,9669,6150,926,100,1910,23,560,1231,1128,9772,5951,906,64,1893,21,69,868,4949,9008,1892,1067,4788,4533,255,113,0,0,188,19,37,6,90,54345395.1837463,36999.8288013253
41,10.1,North Beach/Blue Ridge,"Crown Hill, North Beach, Blue Ridge",10,Ballard,1284.4,2.01,10515,9607,123,98,436,10,138,0,9,22,72,241,10274,908,1731,223,8784,4804,4680,124,10969,10588,9538,200,99,588,24,139,381,353,10616,9361,200,97,583,23,16,336,1608,9001,1968,457,5083,4919,164,11433,10912,9692,274,89,665,11,181,521,586,10847,9376,267,75,657,11,21,440,2057,9243,2190,552,5279,5021,258,12481,11164,9515,301,66,974,34,274,1317,732,11749,9343,295,38,963,31,120,959,3138,10000,2481,850,5452,5259,193,0,71,0,111,4,114,0,78,55950011.0257874,39223.3913670584
42,10.2,Whittier Heights,"Whittier Heights, Loyal Heights, Crown Hill",10,Ballard,688.7,1.08,10791,9644,156,176,441,10,245,0,10,7,102,364,10427,1147,1815,241,8976,5326,5118,208,11082,10686,9680,188,133,426,15,244,396,522,10560,9448,183,125,412,14,59,319,1634,9389,1693,407,5486,5293,193,11861,11326,10283,183,83,552,28,197,535,642,11219,9925,176,71,543,28,39,437,1936,9765,2096,498,5721,5478,243,14310,12782,10818,180,68,1446,14,256,1528,892,13418,10589,171,43,1439,12,82,1082,3721,11693,2617,858,6715,6447,268,0,0,0,18,5,7,0,31,29997852.1387634,23916.8523830103
43,10.3,Sunset Hill/Loyal Heights,"Sunset Hill, Golden Gardens, Loyal Heights, Shilshole",10,Ballard,1035.4,1.62,12799,11831,127,155,387,10,161,3,19,8,98,289,12510,968,2077,227,10722,6458,6258,200,13251,12853,12041,129,120,374,22,167,398,460,12791,11797,123,109,372,22,34,334,1454,11083,2168,363,6601,6372,229,13902,13364,12466,162,70,523,18,125,538,549,13353,12113,152,65,516,18,26,463,1789,11535,2367,464,6976,6659,317,16050,14480,12911,181,62,1083,13,230,1570,879,15171,12657,172,52,1073,13,76,1128,3393,13268,2782,790,7982,7533,449,0,0,0,146,9,77,6,31,45104080.0266418,36780.1824359573
44,10.4,Ballard,"Ballard, West Woodland, Adams",10,Ballard,492.9,0.77,4428,3873,90,122,162,4,71,1,6,8,91,177,4251,555,516,124,3912,2636,2533,103,4916,4723,4154,152,72,193,22,130,193,304,4612,4014,149,66,189,16,18,160,902,4488,428,183,2955,2850,105,6739,6463,5701,203,59,375,13,112,276,390,6349,5467,190,54,365,13,16,244,1272,6249,490,185,4697,4020,677,11191,10023,7955,301,84,1361,30,292,1168,853,10338,7690,286,63,1351,30,76,842,3501,10493,698,333,7157,6808,349,42,94,146,82,0,193,0,452,21472310.5680847,22105.8322672023
45,11.1,Fremont,"Fremont, Wallingford, Northlake",11,Lake Union,893.6,1.4,13358,11833,302,202,593,24,200,13,14,13,164,404,12954,1525,1457,295,11901,7393,7087,306,14091,13614,12468,251,113,612,19,151,477,508,13583,12179,244,88,605,18,45,404,1912,12829,1262,326,8009,7734,275,15626,14872,13293,307,92,1002,17,161,754,660,14966,12884,296,86,986,17,39,658,2742,14016,1610,474,8819,8292,527,19217,17282,14355,376,100,2096,25,330,1935,1157,18060,14025,362,61,2065,20,115,1412,5192,17177,2040,791,10537,10095,442,120,210,0,137,107,131,63,128,38927120.2158203,38111.8282463366
46,11.2,Wallingford,"Wallingford, Meridian, Northlake, University District",11,Lake Union,810.5,1.27,12990,11116,278,105,1059,21,225,9,13,31,133,411,12579,1874,1392,205,11598,6378,6129,249,14400,13818,11918,241,109,1309,48,193,582,560,13840,11635,229,92,1297,45,29,513,2765,13058,1342,315,7114,6842,272,16014,15186,12239,350,65,2286,41,205,828,777,15237,11791,328,54,2265,41,30,728,4223,14193,1821,509,7930,7425,505,19000,16937,12061,487,84,3778,35,492,2063,1305,17695,11738,469,66,3754,25,109,1534,7262,16577,2423,1020,9507,8865,642,0,14,0,165,29,98,0,215,35303307.1841736,30364.4402565914
47,11.3,Cascade/Eastlake,"South Lake Union, Eastlake, Cascade, Denny Triangle",11,Lake Union,727.6,1.14,5260,4496,246,91,226,9,100,6,19,11,56,192,5068,764,221,62,5039,3950,3632,318,8256,7920,6334,683,152,576,27,148,336,428,7828,6095,667,140,574,22,24,306,2161,7854,402,227,5626,5019,607,13526,12876,9748,984,161,1685,49,249,650,909,12617,9213,960,144,1676,47,27,550,4313,13077,449,250,10834,8853,1981,29182,26703,14236,1503,147,10000,70,747,2479,2164,27018,13666,1463,97,9986,65,197,1544,15516,27894,1288,859,20377,18861,1516,0,149,82,1236,11,1138,337,811,31694570.762207,36451.4927302637
48,12.1,Magnolia,"Magnolia, Discovery Park, Briarcliff, Lawton Park",12,Magnolia/Queen Anne,1968.4,3.08,11925,10858,138,68,600,4,152,1,5,36,63,257,11668,1067,2230,269,9695,5398,5241,157,12219,11876,10877,163,52,650,37,97,343,328,11891,10686,159,47,646,35,26,292,1533,9841,2378,453,5569,5398,171,12383,11908,10885,143,39,736,18,87,475,383,12000,10622,138,33,727,18,33,429,1761,9728,2655,517,5669,5299,370,13716,12294,10864,117,35,1098,27,153,1422,688,13028,10701,115,24,1093,25,64,1006,3015,10503,3213,980,5752,5496,256,34,22,33,22,0,21,12,15,85743405.9176025,49411.838275907
49,12.2,Interbay,Interbay,12,Magnolia/Queen Anne,1214.6,1.9,8494,7310,270,85,489,5,190,17,6,41,81,335,8159,1184,855,196,7639,4845,4601,244,9360,9019,7911,245,88,582,32,161,341,430,8930,7675,242,78,579,28,28,300,1685,8369,991,321,5161,4892,269,9802,9309,8010,309,76,668,45,201,493,695,9107,7599,297,62,664,43,21,421,2203,8655,1147,381,5485,5025,460,12456,11034,8518,384,107,1484,49,492,1422,1283,11173,8185,367,64,1465,46,87,959,4271,10751,1705,775,6477,6142,335,0,347,0,527,17,561,7,360,52907762.843811,68274.9177647797
50,12.3,Queen Anne,"Queen Anne, Lower Queen Anne, Uptown, Seattle Center, Westlake",12,Magnolia/Queen Anne,1888.4,2.95,29339,26683,610,209,1127,24,377,17,13,29,250,686,28653,2656,2843,334,26496,17052,16065,987,31964,30998,28234,622,192,1585,52,313,966,971,30993,27706,600,166,1568,50,59,844,4258,29177,2787,546,18833,17637,1196,35458,33896,30014,811,209,2409,59,394,1562,1636,33822,29002,778,182,2380,56,56,1368,6456,31835,3623,894,21160,19359,1801,45992,41506,31130,1346,248,7705,81,996,4486,3334,42658,30196,1295,171,7628,75,248,3045,15796,40918,5074,2072,26059,24246,1813,502,1246,182,1992,188,1746,437,2058,82260154.401947,54354.4525044512
51,13.1,Belltown,"Belltown, Denny Regrade",13,Downtown,176.5,0.28,3049,2544,209,75,122,1,44,13,7,5,29,98,2951,505,44,15,3005,2564,2291,273,6172,5917,4580,587,121,501,13,115,255,317,5855,4425,567,109,497,12,20,225,1747,6000,172,94,4767,4266,501,8601,8229,6157,631,120,1147,33,141,372,532,8069,5844,611,111,1135,33,17,318,2757,8425,176,80,6913,5932,981,11948,10972,6678,746,128,3084,24,312,976,868,11080,6458,729,93,3073,21,87,619,5490,11570,378,256,8942,8033,909,0,139,0,496,0,623,0,424,7687660.42980957,18767.511533731
52,13.2,Downtown Commercial Core,"Downtown Commercial Core, West Edge, Central Business District, Pike Place Market, Pioneer Square",13,Downtown,206.5,0.32,1844,1284,292,63,72,2,69,12,11,1,38,131,1713,560,64,25,1780,1096,979,117,3477,3313,2423,468,101,232,10,79,164,229,3248,2325,454,100,227,10,8,124,1152,3320,157,108,2345,1962,383,4070,3944,2950,398,81,421,8,86,126,214,3856,2838,386,71,417,8,23,113,1232,3969,101,43,3100,2521,579,5813,5302,3514,498,85,1038,13,154,511,438,5375,3385,484,80,1035,9,40,342,2428,5668,145,97,4289,3544,745,66,578,75,853,104,593,106,588,8994487.324646,18976.0730856154
53,13.3,Pioneer Square/International District,"Pioneer Square, International District, Chinatown, Little Saigon, ID, Chinatown-International District",13,Downtown,180.6,0.28,3273,1272,580,100,1033,3,120,22,21,47,75,285,2988,2001,288,244,2985,1584,1515,69,3919,3647,1213,587,76,1676,14,81,272,254,3665,1098,571,65,1674,14,16,227,2821,3538,381,346,2280,2137,143,5333,5083,1718,902,88,2247,20,108,250,322,5011,1589,884,75,2241,14,16,192,3744,4879,454,427,3398,3173,225,6309,5746,2094,766,97,2529,30,230,563,552,5757,1970,739,85,2516,28,39,380,4339,5847,462,408,4207,3710,497,0,1028,0,692,0,654,72,699,7865656.14645386,17719.2118284228
