OBJECTID,neighborhood,neighborhood_no,area,Year,10_year_growth_all,10_year_frac_growth_all,density,Indicator Name,Value,total population
1,106,Upper Queen Anne,52.65872029,1990,,,36.480187695803195,total population,1921.0,
2,302,Fremont,214.511083,1990,,,14.69854124040761,total population,3153.0,
3,205,West Seattle Junction,270.4170255,1990,,,13.412617024736853,total population,3627.0,
4,111,Columbia City,334.5433404,1990,,,12.796548258534697,total population,4281.0,
5,414,First Hill/Capitol Hill,916.2218015,1990,,,31.58623812773353,total population,28940.0,
6,202,Roosevelt,170.2117761,1990,,,12.983825506301146,total population,2210.0,
7,312,South Lake Union,339.886927,1990,,,3.2834449087240123,total population,1116.0,
8,401,University District,751.9638778,1990,,,24.158075322910147,total population,18166.0,
9,103,Crown Hill,270.9887543,1990,,,13.284684116502468,total population,3600.0,
10,127,Westwood-Highland Park,275.0621961,1990,,,13.687813350516619,total population,3765.0,
11,201,Lake City,142.2670425,1990,,,14.838292572223816,total population,2111.0,
12,502,Greater Duwamish,4953.281793,1990,,,0.28062203163251365,total population,1390.0,
13,131,Madison-Miller,145.3234203,1990,,,19.46692414863291,total population,2829.0,
14,207,Green Lake,107.4446385,1990,,,19.721784442506177,total population,2119.0,
15,301,Northgate,412.2911233,1990,,,12.02548325638424,total population,4958.0,
16,110,North Beacon Hill,266.8762908,1990,,,18.9863250302638,total population,5067.0,
17,501,Ballard-Interbay-Northend,931.9728637,1990,,,1.3133429605886067,total population,1224.0,
18,102,Greenwood-Phinney Ridge,94.15764497,1990,,,21.41090084233019,total population,2016.0,
19,413,Downtown,953.2817465,1990,,,12.790552263029197,total population,12193.0,
20,412,Uptown,333.000698,1990,,,13.429401280113833,total population,4472.0,
21,204,Rainier Beach,346.1438736,1990,,,9.802282399835025,total population,3393.0,
22,109,23rd & Union-Jackson,625.2664128,1990,,,12.204397747558016,total population,7631.0,
23,114,Bitter Lake Village,363.7795662,1990,,,9.82188207359515,total population,3573.0,
24,305,Mt Baker,491.0180584,1990,,,7.464083931948521,total population,3665.0,
25,113,Admiral,98.24835065,1990,,,12.071449466108671,total population,1186.0,
26,101,Aurora-Licton Springs,326.9585992,1990,,,14.402435083591465,total population,4709.0,
27,206,Morgan Junction,113.3093773,1990,,,14.07650485781992,total population,1595.0,
28,107,Eastlake,199.2559558,1990,,,18.132456746369435,total population,3613.0,
29,203,Wallingford,258.0056129,1990,,,15.898878919312068,total population,4102.0,
30,303,Ballard,495.4763052,1990,,,17.219794186840158,total population,8532.0,
31,128,South Park,263.7986201,1990,,,8.953799679106055,total population,2362.0,
32,123,Othello,498.9632413,1990,,,12.38167361568324,total population,6178.0,
1,106,Upper Queen Anne,52.65872029,2000,97.0,0.05049453409682457,38.32223777726749,total population,2018.0,
2,302,Fremont,214.511083,2000,288.0,0.09134157944814462,16.041129212890134,total population,3441.0,
3,205,West Seattle Junction,270.4170255,2000,500.0,0.13785497656465398,15.261613030352631,total population,4127.0,
4,111,Columbia City,334.5433404,2000,710.0,0.16584910067741182,14.918844278987777,total population,4991.0,
5,414,First Hill/Capitol Hill,916.2218015,2000,4962.0,0.17145818935729096,37.00195732572295,total population,33902.0,
6,202,Roosevelt,170.2117761,2000,269.0,0.12171945701357466,14.564209696887124,total population,2479.0,
7,312,South Lake Union,339.886927,2000,431.0,0.38620071684587814,4.551513686197175,total population,1547.0,
8,401,University District,751.9638778,2000,1498.0,0.0824617417152923,26.15019229052654,total population,19664.0,
9,103,Crown Hill,270.9887543,2000,274.0,0.07611111111111112,14.295796185369602,total population,3874.0,
10,127,Westwood-Highland Park,275.0621961,2000,565.0,0.150066401062417,15.74189423844275,total population,4330.0,
11,201,Lake City,142.2670425,2000,617.0,0.29227854097584083,19.17520707580605,total population,2728.0,
12,502,Greater Duwamish,4953.281793,2000,-42.0,-0.030215827338129497,0.2721428047774305,total population,1348.0,
13,131,Madison-Miller,145.3234203,2000,269.0,0.09508660303994344,21.317967837562655,total population,3098.0,
14,207,Green Lake,107.4446385,2000,223.0,0.10523831996224635,21.797271903893094,total population,2342.0,
15,301,Northgate,412.2911233,2000,1173.0,0.23658733360225898,14.870560275290797,total population,6131.0,
16,110,North Beacon Hill,266.8762908,2000,139.0,0.027432405762778764,19.507165602437997,total population,5206.0,
17,501,Ballard-Interbay-Northend,931.9728637,2000,140.0,0.11437908496732026,1.463561926669003,total population,1364.0,
18,102,Greenwood-Phinney Ridge,94.15764497,2000,292.0,0.14484126984126985,24.512082908778808,total population,2308.0,
19,413,Downtown,953.2817465,2000,9362.0,0.7678176002624457,22.611363407659667,total population,21555.0,
20,412,Uptown,333.000698,2000,613.0,0.13707513416815742,15.270238262383462,total population,5085.0,
21,204,Rainier Beach,346.1438736,2000,946.0,0.2788093132920719,12.535250024427992,total population,4339.0,
22,109,23rd & Union-Jackson,625.2664128,2000,1355.0,0.17756519460096973,14.37147400859079,total population,8986.0,
23,114,Bitter Lake Village,363.7795662,2000,85.0,0.023789532605653512,10.055540057433825,total population,3658.0,
24,305,Mt Baker,491.0180584,2000,879.0,0.2398362892223738,9.254242124631398,total population,4544.0,
25,113,Admiral,98.24835065,2000,166.0,0.1399662731871838,13.76104525984732,total population,1352.0,
26,101,Aurora-Licton Springs,326.9585992,2000,808.0,0.17158632406031005,16.87369597710217,total population,5517.0,
27,206,Morgan Junction,113.3093773,2000,291.0,0.18244514106583073,16.644694772318726,total population,1886.0,
28,107,Eastlake,199.2559558,2000,462.0,0.12787157486853032,20.4510825467632,total population,4075.0,
29,203,Wallingford,258.0056129,2000,676.0,0.16479765967820575,18.518976956721858,total population,4778.0,
30,303,Ballard,495.4763052,2000,862.0,0.10103141115799344,18.95953429338683,total population,9394.0,
31,128,South Park,263.7986201,2000,729.0,0.3086367485182049,11.717271298948694,total population,3091.0,
32,123,Othello,498.9632413,2000,352.0,0.05697636775655552,13.08713640505205,total population,6530.0,
1,106,Upper Queen Anne,52.65872029,2010,125.0,0.06194251734390486,40.696013655443124,total population,2143.0,
2,302,Fremont,214.511083,2010,519.0,0.15082824760244115,18.460584621634677,total population,3960.0,
3,205,West Seattle Junction,270.4170255,2010,916.0,0.22195299248849043,18.648973712640736,total population,5043.0,
4,111,Columbia City,334.5433404,2010,-382.0,-0.07653776798236826,13.776989236997528,total population,4609.0,
5,414,First Hill/Capitol Hill,916.2218015,2010,1990.0,0.058698601852398086,39.173920486544986,total population,35892.0,
6,202,Roosevelt,170.2117761,2010,137.0,0.05526421944332392,15.369089377594479,total population,2616.0,
7,312,South Lake Union,339.886927,2010,2227.0,1.4395604395604396,11.103692728964536,total population,3774.0,
8,401,University District,751.9638778,2010,3211.0,0.163293327908869,30.420344215103466,total population,22875.0,
9,103,Crown Hill,270.9887543,2010,317.0,0.08182756840474961,15.465586425628292,total population,4191.0,
10,127,Westwood-Highland Park,275.0621961,2010,276.0,0.06374133949191686,16.74530366334118,total population,4606.0,
11,201,Lake City,142.2670425,2010,1171.0,0.42925219941348974,27.406206887304908,total population,3899.0,
12,502,Greater Duwamish,4953.281793,2010,-284.0,-0.21068249258160238,0.21480708032877305,total population,1064.0,
13,131,Madison-Miller,145.3234203,2010,968.0,0.31245965138799225,27.978972636387912,total population,4066.0,
14,207,Green Lake,107.4446385,2010,562.0,0.23996584116140052,27.02787259133456,total population,2904.0,
15,301,Northgate,412.2911233,2010,489.0,0.07975860381666938,16.05661540081962,total population,6620.0,
16,110,North Beacon Hill,266.8762908,2010,11.0,0.0021129466000768342,19.548383201674806,total population,5217.0,
17,501,Ballard-Interbay-Northend,931.9728637,2010,234.0,0.17155425219941348,1.7146421985462366,total population,1598.0,
18,102,Greenwood-Phinney Ridge,94.15764497,2010,619.0,0.26819757365684577,31.086164070188723,total population,2927.0,
19,413,Downtown,953.2817465,2010,5289.0,0.2453723034098817,28.15956573023503,total population,26844.0,
20,412,Uptown,333.000698,2010,2215.0,0.43559488692232057,21.921875971563278,total population,7300.0,
21,204,Rainier Beach,346.1438736,2010,-245.0,-0.056464623185065684,11.82745185526808,total population,4094.0,
22,109,23rd & Union-Jackson,625.2664128,2010,1474.0,0.1640329401290897,16.728869144208733,total population,10460.0,
23,114,Bitter Lake Village,363.7795662,2010,861.0,0.23537452159650082,12.422357987846762,total population,4519.0,
24,305,Mt Baker,491.0180584,2010,781.0,0.171875,10.84481498980242,total population,5325.0,
25,113,Admiral,98.24835065,2010,176.0,0.1301775147928994,15.552423932726853,total population,1528.0,
26,101,Aurora-Licton Springs,326.9585992,2010,662.0,0.11999274968279862,18.898417154706234,total population,6179.0,
27,206,Morgan Junction,113.3093773,2010,160.0,0.08483563096500531,18.05675795554831,total population,2046.0,
28,107,Eastlake,199.2559558,2010,1009.0,0.2476073619631902,25.51492114545868,total population,5084.0,
29,203,Wallingford,258.0056129,2010,647.0,0.13541230640435328,21.026674338680635,total population,5425.0,
30,303,Ballard,495.4763052,2010,2046.0,0.21779859484777517,23.088894221454687,total population,11440.0,
31,128,South Park,263.7986201,2010,357.0,0.11549660304108703,13.070576330888093,total population,3448.0,
32,123,Othello,498.9632413,2010,2800.0,0.42879019908116384,18.698772229576665,total population,9330.0,
1,106,Upper Queen Anne,52.65872029,2020,461.0,0.2151189920671955,49.45049909415488,total population,2604.0,
2,302,Fremont,214.511083,2020,1881.0,0.475,27.22936231691115,total population,5841.0,
3,205,West Seattle Junction,270.4170255,2020,4117.0,0.8163791394011501,33.87360682288105,total population,9160.0,
4,111,Columbia City,334.5433404,2020,3052.0,0.6621826860490345,22.89987297562119,total population,7661.0,
5,414,First Hill/Capitol Hill,916.2218015,2020,13282.0,0.3700546082692522,53.67041028656422,total population,49174.0,
6,202,Roosevelt,170.2117761,2020,2062.0,0.7882262996941896,27.48340982736505,total population,4678.0,
7,312,South Lake Union,339.886927,2020,9131.0,2.419448860625331,37.96850945079156,total population,12905.0,
8,401,University District,751.9638778,2020,7012.0,0.30653551912568305,39.74526022106218,total population,29887.0,
9,103,Crown Hill,270.9887543,2020,702.0,0.16750178954903364,18.056099828346273,total population,4893.0,
10,127,Westwood-Highland Park,275.0621961,2020,145.0,0.03148067737733391,17.27245716555231,total population,4751.0,
11,201,Lake City,142.2670425,2020,1182.0,0.3031546550397538,35.714526082173954,total population,5081.0,
12,502,Greater Duwamish,4953.281793,2020,772.0,0.7255639097744361,0.370663345379349,total population,1836.0,
13,131,Madison-Miller,145.3234203,2020,1545.0,0.37998032464338416,38.610431741950954,total population,5611.0,
14,207,Green Lake,107.4446385,2020,1030.0,0.3546831955922865,36.61420481209028,total population,3934.0,
15,301,Northgate,412.2911233,2020,1330.0,0.20090634441087613,19.282491304609664,total population,7950.0,
16,110,North Beacon Hill,266.8762908,2020,531.0,0.10178263369752731,21.53806912846977,total population,5748.0,
17,501,Ballard-Interbay-Northend,931.9728637,2020,251.0,0.15707133917396746,1.9839633448760898,total population,1849.0,
18,102,Greenwood-Phinney Ridge,94.15764497,2020,565.0,0.19303040655961737,37.08673895903622,total population,3492.0,
19,413,Downtown,953.2817465,2020,15031.0,0.5599389062732827,43.927202166353446,total population,41875.0,
20,412,Uptown,333.000698,2020,4540.0,0.6219178082191781,35.555481027850576,total population,11840.0,
21,204,Rainier Beach,346.1438736,2020,736.0,0.1797752808988764,13.953735334866836,total population,4830.0,
22,109,23rd & Union-Jackson,625.2664128,2020,3150.0,0.3011472275334608,21.766721706757252,total population,13610.0,
23,114,Bitter Lake Village,363.7795662,2020,1581.0,0.3498561628678911,16.76839648724613,total population,6100.0,
24,305,Mt Baker,491.0180584,2020,1452.0,0.27267605633802816,13.801936372937277,total population,6777.0,
25,113,Admiral,98.24835065,2020,450.0,0.29450261780104714,20.132653494066567,total population,1978.0,
26,101,Aurora-Licton Springs,326.9585992,2020,885.0,0.14322705939472408,21.605181870989618,total population,7064.0,
27,206,Morgan Junction,113.3093773,2020,320.0,0.15640273704789834,20.88088432200748,total population,2366.0,
28,107,Eastlake,199.2559558,2020,1016.0,0.1998426435877262,30.613890438099517,total population,6100.0,
29,203,Wallingford,258.0056129,2020,1081.0,0.19926267281105992,25.216505667733866,total population,6506.0,
30,303,Ballard,495.4763052,2020,6267.0,0.5478146853146854,35.73732954364495,total population,17707.0,
31,128,South Park,263.7986201,2020,-206.0,-0.05974477958236659,12.289677628984686,total population,3242.0,
32,123,Othello,498.9632413,2020,1927.0,0.20653804930332262,22.56078017024057,total population,11257.0,
1,106,Upper Queen Anne,52.65872029,1990,,,,density,36.480187695803195,1921.0
2,302,Fremont,214.511083,1990,,,,density,14.69854124040761,3153.0
3,205,West Seattle Junction,270.4170255,1990,,,,density,13.412617024736853,3627.0
4,111,Columbia City,334.5433404,1990,,,,density,12.796548258534697,4281.0
5,414,First Hill/Capitol Hill,916.2218015,1990,,,,density,31.58623812773353,28940.0
6,202,Roosevelt,170.2117761,1990,,,,density,12.983825506301146,2210.0
7,312,South Lake Union,339.886927,1990,,,,density,3.2834449087240123,1116.0
8,401,University District,751.9638778,1990,,,,density,24.158075322910147,18166.0
9,103,Crown Hill,270.9887543,1990,,,,density,13.284684116502468,3600.0
10,127,Westwood-Highland Park,275.0621961,1990,,,,density,13.687813350516619,3765.0
11,201,Lake City,142.2670425,1990,,,,density,14.838292572223816,2111.0
12,502,Greater Duwamish,4953.281793,1990,,,,density,0.28062203163251365,1390.0
13,131,Madison-Miller,145.3234203,1990,,,,density,19.46692414863291,2829.0
14,207,Green Lake,107.4446385,1990,,,,density,19.721784442506177,2119.0
15,301,Northgate,412.2911233,1990,,,,density,12.02548325638424,4958.0
16,110,North Beacon Hill,266.8762908,1990,,,,density,18.9863250302638,5067.0
17,501,Ballard-Interbay-Northend,931.9728637,1990,,,,density,1.3133429605886067,1224.0
18,102,Greenwood-Phinney Ridge,94.15764497,1990,,,,density,21.41090084233019,2016.0
19,413,Downtown,953.2817465,1990,,,,density,12.790552263029197,12193.0
20,412,Uptown,333.000698,1990,,,,density,13.429401280113833,4472.0
21,204,Rainier Beach,346.1438736,1990,,,,density,9.802282399835025,3393.0
22,109,23rd & Union-Jackson,625.2664128,1990,,,,density,12.204397747558016,7631.0
23,114,Bitter Lake Village,363.7795662,1990,,,,density,9.82188207359515,3573.0
24,305,Mt Baker,491.0180584,1990,,,,density,7.464083931948521,3665.0
25,113,Admiral,98.24835065,1990,,,,density,12.071449466108671,1186.0
26,101,Aurora-Licton Springs,326.9585992,1990,,,,density,14.402435083591465,4709.0
27,206,Morgan Junction,113.3093773,1990,,,,density,14.07650485781992,1595.0
28,107,Eastlake,199.2559558,1990,,,,density,18.132456746369435,3613.0
29,203,Wallingford,258.0056129,1990,,,,density,15.898878919312068,4102.0
30,303,Ballard,495.4763052,1990,,,,density,17.219794186840158,8532.0
31,128,South Park,263.7986201,1990,,,,density,8.953799679106055,2362.0
32,123,Othello,498.9632413,1990,,,,density,12.38167361568324,6178.0
1,106,Upper Queen Anne,52.65872029,2000,97.0,0.05049453409682457,,density,38.32223777726749,2018.0
2,302,Fremont,214.511083,2000,288.0,0.09134157944814462,,density,16.041129212890134,3441.0
3,205,West Seattle Junction,270.4170255,2000,500.0,0.13785497656465398,,density,15.261613030352631,4127.0
4,111,Columbia City,334.5433404,2000,710.0,0.16584910067741182,,density,14.918844278987777,4991.0
5,414,First Hill/Capitol Hill,916.2218015,2000,4962.0,0.17145818935729096,,density,37.00195732572295,33902.0
6,202,Roosevelt,170.2117761,2000,269.0,0.12171945701357466,,density,14.564209696887124,2479.0
7,312,South Lake Union,339.886927,2000,431.0,0.38620071684587814,,density,4.551513686197175,1547.0
8,401,University District,751.9638778,2000,1498.0,0.0824617417152923,,density,26.15019229052654,19664.0
9,103,Crown Hill,270.9887543,2000,274.0,0.07611111111111112,,density,14.295796185369602,3874.0
10,127,Westwood-Highland Park,275.0621961,2000,565.0,0.150066401062417,,density,15.74189423844275,4330.0
11,201,Lake City,142.2670425,2000,617.0,0.29227854097584083,,density,19.17520707580605,2728.0
12,502,Greater Duwamish,4953.281793,2000,-42.0,-0.030215827338129497,,density,0.2721428047774305,1348.0
13,131,Madison-Miller,145.3234203,2000,269.0,0.09508660303994344,,density,21.317967837562655,3098.0
14,207,Green Lake,107.4446385,2000,223.0,0.10523831996224635,,density,21.797271903893094,2342.0
15,301,Northgate,412.2911233,2000,1173.0,0.23658733360225898,,density,14.870560275290797,6131.0
16,110,North Beacon Hill,266.8762908,2000,139.0,0.027432405762778764,,density,19.507165602437997,5206.0
17,501,Ballard-Interbay-Northend,931.9728637,2000,140.0,0.11437908496732026,,density,1.463561926669003,1364.0
18,102,Greenwood-Phinney Ridge,94.15764497,2000,292.0,0.14484126984126985,,density,24.512082908778808,2308.0
19,413,Downtown,953.2817465,2000,9362.0,0.7678176002624457,,density,22.611363407659667,21555.0
20,412,Uptown,333.000698,2000,613.0,0.13707513416815742,,density,15.270238262383462,5085.0
21,204,Rainier Beach,346.1438736,2000,946.0,0.2788093132920719,,density,12.535250024427992,4339.0
22,109,23rd & Union-Jackson,625.2664128,2000,1355.0,0.17756519460096973,,density,14.37147400859079,8986.0
23,114,Bitter Lake Village,363.7795662,2000,85.0,0.023789532605653512,,density,10.055540057433825,3658.0
24,305,Mt Baker,491.0180584,2000,879.0,0.2398362892223738,,density,9.254242124631398,4544.0
25,113,Admiral,98.24835065,2000,166.0,0.1399662731871838,,density,13.76104525984732,1352.0
26,101,Aurora-Licton Springs,326.9585992,2000,808.0,0.17158632406031005,,density,16.87369597710217,5517.0
27,206,Morgan Junction,113.3093773,2000,291.0,0.18244514106583073,,density,16.644694772318726,1886.0
28,107,Eastlake,199.2559558,2000,462.0,0.12787157486853032,,density,20.4510825467632,4075.0
29,203,Wallingford,258.0056129,2000,676.0,0.16479765967820575,,density,18.518976956721858,4778.0
30,303,Ballard,495.4763052,2000,862.0,0.10103141115799344,,density,18.95953429338683,9394.0
31,128,South Park,263.7986201,2000,729.0,0.3086367485182049,,density,11.717271298948694,3091.0
32,123,Othello,498.9632413,2000,352.0,0.05697636775655552,,density,13.08713640505205,6530.0
1,106,Upper Queen Anne,52.65872029,2010,125.0,0.06194251734390486,,density,40.696013655443124,2143.0
2,302,Fremont,214.511083,2010,519.0,0.15082824760244115,,density,18.460584621634677,3960.0
3,205,West Seattle Junction,270.4170255,2010,916.0,0.22195299248849043,,density,18.648973712640736,5043.0
4,111,Columbia City,334.5433404,2010,-382.0,-0.07653776798236826,,density,13.776989236997528,4609.0
5,414,First Hill/Capitol Hill,916.2218015,2010,1990.0,0.058698601852398086,,density,39.173920486544986,35892.0
6,202,Roosevelt,170.2117761,2010,137.0,0.05526421944332392,,density,15.369089377594479,2616.0
7,312,South Lake Union,339.886927,2010,2227.0,1.4395604395604396,,density,11.103692728964536,3774.0
8,401,University District,751.9638778,2010,3211.0,0.163293327908869,,density,30.420344215103466,22875.0
9,103,Crown Hill,270.9887543,2010,317.0,0.08182756840474961,,density,15.465586425628292,4191.0
10,127,Westwood-Highland Park,275.0621961,2010,276.0,0.06374133949191686,,density,16.74530366334118,4606.0
11,201,Lake City,142.2670425,2010,1171.0,0.42925219941348974,,density,27.406206887304908,3899.0
12,502,Greater Duwamish,4953.281793,2010,-284.0,-0.21068249258160238,,density,0.21480708032877305,1064.0
13,131,Madison-Miller,145.3234203,2010,968.0,0.31245965138799225,,density,27.978972636387912,4066.0
14,207,Green Lake,107.4446385,2010,562.0,0.23996584116140052,,density,27.02787259133456,2904.0
15,301,Northgate,412.2911233,2010,489.0,0.07975860381666938,,density,16.05661540081962,6620.0
16,110,North Beacon Hill,266.8762908,2010,11.0,0.0021129466000768342,,density,19.548383201674806,5217.0
17,501,Ballard-Interbay-Northend,931.9728637,2010,234.0,0.17155425219941348,,density,1.7146421985462366,1598.0
18,102,Greenwood-Phinney Ridge,94.15764497,2010,619.0,0.26819757365684577,,density,31.086164070188723,2927.0
19,413,Downtown,953.2817465,2010,5289.0,0.2453723034098817,,density,28.15956573023503,26844.0
20,412,Uptown,333.000698,2010,2215.0,0.43559488692232057,,density,21.921875971563278,7300.0
21,204,Rainier Beach,346.1438736,2010,-245.0,-0.056464623185065684,,density,11.82745185526808,4094.0
22,109,23rd & Union-Jackson,625.2664128,2010,1474.0,0.1640329401290897,,density,16.728869144208733,10460.0
23,114,Bitter Lake Village,363.7795662,2010,861.0,0.23537452159650082,,density,12.422357987846762,4519.0
24,305,Mt Baker,491.0180584,2010,781.0,0.171875,,density,10.84481498980242,5325.0
25,113,Admiral,98.24835065,2010,176.0,0.1301775147928994,,density,15.552423932726853,1528.0
26,101,Aurora-Licton Springs,326.9585992,2010,662.0,0.11999274968279862,,density,18.898417154706234,6179.0
27,206,Morgan Junction,113.3093773,2010,160.0,0.08483563096500531,,density,18.05675795554831,2046.0
28,107,Eastlake,199.2559558,2010,1009.0,0.2476073619631902,,density,25.51492114545868,5084.0
29,203,Wallingford,258.0056129,2010,647.0,0.13541230640435328,,density,21.026674338680635,5425.0
30,303,Ballard,495.4763052,2010,2046.0,0.21779859484777517,,density,23.088894221454687,11440.0
31,128,South Park,263.7986201,2010,357.0,0.11549660304108703,,density,13.070576330888093,3448.0
32,123,Othello,498.9632413,2010,2800.0,0.42879019908116384,,density,18.698772229576665,9330.0
1,106,Upper Queen Anne,52.65872029,2020,461.0,0.2151189920671955,,density,49.45049909415488,2604.0
2,302,Fremont,214.511083,2020,1881.0,0.475,,density,27.22936231691115,5841.0
3,205,West Seattle Junction,270.4170255,2020,4117.0,0.8163791394011501,,density,33.87360682288105,9160.0
4,111,Columbia City,334.5433404,2020,3052.0,0.6621826860490345,,density,22.89987297562119,7661.0
5,414,First Hill/Capitol Hill,916.2218015,2020,13282.0,0.3700546082692522,,density,53.67041028656422,49174.0
6,202,Roosevelt,170.2117761,2020,2062.0,0.7882262996941896,,density,27.48340982736505,4678.0
7,312,South Lake Union,339.886927,2020,9131.0,2.419448860625331,,density,37.96850945079156,12905.0
8,401,University District,751.9638778,2020,7012.0,0.30653551912568305,,density,39.74526022106218,29887.0
9,103,Crown Hill,270.9887543,2020,702.0,0.16750178954903364,,density,18.056099828346273,4893.0
10,127,Westwood-Highland Park,275.0621961,2020,145.0,0.03148067737733391,,density,17.27245716555231,4751.0
11,201,Lake City,142.2670425,2020,1182.0,0.3031546550397538,,density,35.714526082173954,5081.0
12,502,Greater Duwamish,4953.281793,2020,772.0,0.7255639097744361,,density,0.370663345379349,1836.0
13,131,Madison-Miller,145.3234203,2020,1545.0,0.37998032464338416,,density,38.610431741950954,5611.0
14,207,Green Lake,107.4446385,2020,1030.0,0.3546831955922865,,density,36.61420481209028,3934.0
15,301,Northgate,412.2911233,2020,1330.0,0.20090634441087613,,density,19.282491304609664,7950.0
16,110,North Beacon Hill,266.8762908,2020,531.0,0.10178263369752731,,density,21.53806912846977,5748.0
17,501,Ballard-Interbay-Northend,931.9728637,2020,251.0,0.15707133917396746,,density,1.9839633448760898,1849.0
18,102,Greenwood-Phinney Ridge,94.15764497,2020,565.0,0.19303040655961737,,density,37.08673895903622,3492.0
19,413,Downtown,953.2817465,2020,15031.0,0.5599389062732827,,density,43.927202166353446,41875.0
20,412,Uptown,333.000698,2020,4540.0,0.6219178082191781,,density,35.555481027850576,11840.0
21,204,Rainier Beach,346.1438736,2020,736.0,0.1797752808988764,,density,13.953735334866836,4830.0
22,109,23rd & Union-Jackson,625.2664128,2020,3150.0,0.3011472275334608,,density,21.766721706757252,13610.0
23,114,Bitter Lake Village,363.7795662,2020,1581.0,0.3498561628678911,,density,16.76839648724613,6100.0
24,305,Mt Baker,491.0180584,2020,1452.0,0.27267605633802816,,density,13.801936372937277,6777.0
25,113,Admiral,98.24835065,2020,450.0,0.29450261780104714,,density,20.132653494066567,1978.0
26,101,Aurora-Licton Springs,326.9585992,2020,885.0,0.14322705939472408,,density,21.605181870989618,7064.0
27,206,Morgan Junction,113.3093773,2020,320.0,0.15640273704789834,,density,20.88088432200748,2366.0
28,107,Eastlake,199.2559558,2020,1016.0,0.1998426435877262,,density,30.613890438099517,6100.0
29,203,Wallingford,258.0056129,2020,1081.0,0.19926267281105992,,density,25.216505667733866,6506.0
30,303,Ballard,495.4763052,2020,6267.0,0.5478146853146854,,density,35.73732954364495,17707.0
31,128,South Park,263.7986201,2020,-206.0,-0.05974477958236659,,density,12.289677628984686,3242.0
32,123,Othello,498.9632413,2020,1927.0,0.20653804930332262,,density,22.56078017024057,11257.0
1,106,Upper Queen Anne,52.65872029,1990,,,36.480187695803195,10_year_growth_all,,1921.0
2,302,Fremont,214.511083,1990,,,14.69854124040761,10_year_growth_all,,3153.0
3,205,West Seattle Junction,270.4170255,1990,,,13.412617024736853,10_year_growth_all,,3627.0
4,111,Columbia City,334.5433404,1990,,,12.796548258534697,10_year_growth_all,,4281.0
5,414,First Hill/Capitol Hill,916.2218015,1990,,,31.58623812773353,10_year_growth_all,,28940.0
6,202,Roosevelt,170.2117761,1990,,,12.983825506301146,10_year_growth_all,,2210.0
7,312,South Lake Union,339.886927,1990,,,3.2834449087240123,10_year_growth_all,,1116.0
8,401,University District,751.9638778,1990,,,24.158075322910147,10_year_growth_all,,18166.0
9,103,Crown Hill,270.9887543,1990,,,13.284684116502468,10_year_growth_all,,3600.0
10,127,Westwood-Highland Park,275.0621961,1990,,,13.687813350516619,10_year_growth_all,,3765.0
11,201,Lake City,142.2670425,1990,,,14.838292572223816,10_year_growth_all,,2111.0
12,502,Greater Duwamish,4953.281793,1990,,,0.28062203163251365,10_year_growth_all,,1390.0
13,131,Madison-Miller,145.3234203,1990,,,19.46692414863291,10_year_growth_all,,2829.0
14,207,Green Lake,107.4446385,1990,,,19.721784442506177,10_year_growth_all,,2119.0
15,301,Northgate,412.2911233,1990,,,12.02548325638424,10_year_growth_all,,4958.0
16,110,North Beacon Hill,266.8762908,1990,,,18.9863250302638,10_year_growth_all,,5067.0
17,501,Ballard-Interbay-Northend,931.9728637,1990,,,1.3133429605886067,10_year_growth_all,,1224.0
18,102,Greenwood-Phinney Ridge,94.15764497,1990,,,21.41090084233019,10_year_growth_all,,2016.0
19,413,Downtown,953.2817465,1990,,,12.790552263029197,10_year_growth_all,,12193.0
20,412,Uptown,333.000698,1990,,,13.429401280113833,10_year_growth_all,,4472.0
21,204,Rainier Beach,346.1438736,1990,,,9.802282399835025,10_year_growth_all,,3393.0
22,109,23rd & Union-Jackson,625.2664128,1990,,,12.204397747558016,10_year_growth_all,,7631.0
23,114,Bitter Lake Village,363.7795662,1990,,,9.82188207359515,10_year_growth_all,,3573.0
24,305,Mt Baker,491.0180584,1990,,,7.464083931948521,10_year_growth_all,,3665.0
25,113,Admiral,98.24835065,1990,,,12.071449466108671,10_year_growth_all,,1186.0
26,101,Aurora-Licton Springs,326.9585992,1990,,,14.402435083591465,10_year_growth_all,,4709.0
27,206,Morgan Junction,113.3093773,1990,,,14.07650485781992,10_year_growth_all,,1595.0
28,107,Eastlake,199.2559558,1990,,,18.132456746369435,10_year_growth_all,,3613.0
29,203,Wallingford,258.0056129,1990,,,15.898878919312068,10_year_growth_all,,4102.0
30,303,Ballard,495.4763052,1990,,,17.219794186840158,10_year_growth_all,,8532.0
31,128,South Park,263.7986201,1990,,,8.953799679106055,10_year_growth_all,,2362.0
32,123,Othello,498.9632413,1990,,,12.38167361568324,10_year_growth_all,,6178.0
1,106,Upper Queen Anne,52.65872029,2000,,0.05049453409682457,38.32223777726749,10_year_growth_all,97.0,2018.0
2,302,Fremont,214.511083,2000,,0.09134157944814462,16.041129212890134,10_year_growth_all,288.0,3441.0
3,205,West Seattle Junction,270.4170255,2000,,0.13785497656465398,15.261613030352631,10_year_growth_all,500.0,4127.0
4,111,Columbia City,334.5433404,2000,,0.16584910067741182,14.918844278987777,10_year_growth_all,710.0,4991.0
5,414,First Hill/Capitol Hill,916.2218015,2000,,0.17145818935729096,37.00195732572295,10_year_growth_all,4962.0,33902.0
6,202,Roosevelt,170.2117761,2000,,0.12171945701357466,14.564209696887124,10_year_growth_all,269.0,2479.0
7,312,South Lake Union,339.886927,2000,,0.38620071684587814,4.551513686197175,10_year_growth_all,431.0,1547.0
8,401,University District,751.9638778,2000,,0.0824617417152923,26.15019229052654,10_year_growth_all,1498.0,19664.0
9,103,Crown Hill,270.9887543,2000,,0.07611111111111112,14.295796185369602,10_year_growth_all,274.0,3874.0
10,127,Westwood-Highland Park,275.0621961,2000,,0.150066401062417,15.74189423844275,10_year_growth_all,565.0,4330.0
11,201,Lake City,142.2670425,2000,,0.29227854097584083,19.17520707580605,10_year_growth_all,617.0,2728.0
12,502,Greater Duwamish,4953.281793,2000,,-0.030215827338129497,0.2721428047774305,10_year_growth_all,-42.0,1348.0
13,131,Madison-Miller,145.3234203,2000,,0.09508660303994344,21.317967837562655,10_year_growth_all,269.0,3098.0
14,207,Green Lake,107.4446385,2000,,0.10523831996224635,21.797271903893094,10_year_growth_all,223.0,2342.0
15,301,Northgate,412.2911233,2000,,0.23658733360225898,14.870560275290797,10_year_growth_all,1173.0,6131.0
16,110,North Beacon Hill,266.8762908,2000,,0.027432405762778764,19.507165602437997,10_year_growth_all,139.0,5206.0
17,501,Ballard-Interbay-Northend,931.9728637,2000,,0.11437908496732026,1.463561926669003,10_year_growth_all,140.0,1364.0
18,102,Greenwood-Phinney Ridge,94.15764497,2000,,0.14484126984126985,24.512082908778808,10_year_growth_all,292.0,2308.0
19,413,Downtown,953.2817465,2000,,0.7678176002624457,22.611363407659667,10_year_growth_all,9362.0,21555.0
20,412,Uptown,333.000698,2000,,0.13707513416815742,15.270238262383462,10_year_growth_all,613.0,5085.0
21,204,Rainier Beach,346.1438736,2000,,0.2788093132920719,12.535250024427992,10_year_growth_all,946.0,4339.0
22,109,23rd & Union-Jackson,625.2664128,2000,,0.17756519460096973,14.37147400859079,10_year_growth_all,1355.0,8986.0
23,114,Bitter Lake Village,363.7795662,2000,,0.023789532605653512,10.055540057433825,10_year_growth_all,85.0,3658.0
24,305,Mt Baker,491.0180584,2000,,0.2398362892223738,9.254242124631398,10_year_growth_all,879.0,4544.0
25,113,Admiral,98.24835065,2000,,0.1399662731871838,13.76104525984732,10_year_growth_all,166.0,1352.0
26,101,Aurora-Licton Springs,326.9585992,2000,,0.17158632406031005,16.87369597710217,10_year_growth_all,808.0,5517.0
27,206,Morgan Junction,113.3093773,2000,,0.18244514106583073,16.644694772318726,10_year_growth_all,291.0,1886.0
28,107,Eastlake,199.2559558,2000,,0.12787157486853032,20.4510825467632,10_year_growth_all,462.0,4075.0
29,203,Wallingford,258.0056129,2000,,0.16479765967820575,18.518976956721858,10_year_growth_all,676.0,4778.0
30,303,Ballard,495.4763052,2000,,0.10103141115799344,18.95953429338683,10_year_growth_all,862.0,9394.0
31,128,South Park,263.7986201,2000,,0.3086367485182049,11.717271298948694,10_year_growth_all,729.0,3091.0
32,123,Othello,498.9632413,2000,,0.05697636775655552,13.08713640505205,10_year_growth_all,352.0,6530.0
1,106,Upper Queen Anne,52.65872029,2010,,0.06194251734390486,40.696013655443124,10_year_growth_all,125.0,2143.0
2,302,Fremont,214.511083,2010,,0.15082824760244115,18.460584621634677,10_year_growth_all,519.0,3960.0
3,205,West Seattle Junction,270.4170255,2010,,0.22195299248849043,18.648973712640736,10_year_growth_all,916.0,5043.0
4,111,Columbia City,334.5433404,2010,,-0.07653776798236826,13.776989236997528,10_year_growth_all,-382.0,4609.0
5,414,First Hill/Capitol Hill,916.2218015,2010,,0.058698601852398086,39.173920486544986,10_year_growth_all,1990.0,35892.0
6,202,Roosevelt,170.2117761,2010,,0.05526421944332392,15.369089377594479,10_year_growth_all,137.0,2616.0
7,312,South Lake Union,339.886927,2010,,1.4395604395604396,11.103692728964536,10_year_growth_all,2227.0,3774.0
8,401,University District,751.9638778,2010,,0.163293327908869,30.420344215103466,10_year_growth_all,3211.0,22875.0
9,103,Crown Hill,270.9887543,2010,,0.08182756840474961,15.465586425628292,10_year_growth_all,317.0,4191.0
10,127,Westwood-Highland Park,275.0621961,2010,,0.06374133949191686,16.74530366334118,10_year_growth_all,276.0,4606.0
11,201,Lake City,142.2670425,2010,,0.42925219941348974,27.406206887304908,10_year_growth_all,1171.0,3899.0
12,502,Greater Duwamish,4953.281793,2010,,-0.21068249258160238,0.21480708032877305,10_year_growth_all,-284.0,1064.0
13,131,Madison-Miller,145.3234203,2010,,0.31245965138799225,27.978972636387912,10_year_growth_all,968.0,4066.0
14,207,Green Lake,107.4446385,2010,,0.23996584116140052,27.02787259133456,10_year_growth_all,562.0,2904.0
15,301,Northgate,412.2911233,2010,,0.07975860381666938,16.05661540081962,10_year_growth_all,489.0,6620.0
16,110,North Beacon Hill,266.8762908,2010,,0.0021129466000768342,19.548383201674806,10_year_growth_all,11.0,5217.0
17,501,Ballard-Interbay-Northend,931.9728637,2010,,0.17155425219941348,1.7146421985462366,10_year_growth_all,234.0,1598.0
18,102,Greenwood-Phinney Ridge,94.15764497,2010,,0.26819757365684577,31.086164070188723,10_year_growth_all,619.0,2927.0
19,413,Downtown,953.2817465,2010,,0.2453723034098817,28.15956573023503,10_year_growth_all,5289.0,26844.0
20,412,Uptown,333.000698,2010,,0.43559488692232057,21.921875971563278,10_year_growth_all,2215.0,7300.0
21,204,Rainier Beach,346.1438736,2010,,-0.056464623185065684,11.82745185526808,10_year_growth_all,-245.0,4094.0
22,109,23rd & Union-Jackson,625.2664128,2010,,0.1640329401290897,16.728869144208733,10_year_growth_all,1474.0,10460.0
23,114,Bitter Lake Village,363.7795662,2010,,0.23537452159650082,12.422357987846762,10_year_growth_all,861.0,4519.0
24,305,Mt Baker,491.0180584,2010,,0.171875,10.84481498980242,10_year_growth_all,781.0,5325.0
25,113,Admiral,98.24835065,2010,,0.1301775147928994,15.552423932726853,10_year_growth_all,176.0,1528.0
26,101,Aurora-Licton Springs,326.9585992,2010,,0.11999274968279862,18.898417154706234,10_year_growth_all,662.0,6179.0
27,206,Morgan Junction,113.3093773,2010,,0.08483563096500531,18.05675795554831,10_year_growth_all,160.0,2046.0
28,107,Eastlake,199.2559558,2010,,0.2476073619631902,25.51492114545868,10_year_growth_all,1009.0,5084.0
29,203,Wallingford,258.0056129,2010,,0.13541230640435328,21.026674338680635,10_year_growth_all,647.0,5425.0
30,303,Ballard,495.4763052,2010,,0.21779859484777517,23.088894221454687,10_year_growth_all,2046.0,11440.0
31,128,South Park,263.7986201,2010,,0.11549660304108703,13.070576330888093,10_year_growth_all,357.0,3448.0
32,123,Othello,498.9632413,2010,,0.42879019908116384,18.698772229576665,10_year_growth_all,2800.0,9330.0
1,106,Upper Queen Anne,52.65872029,2020,,0.2151189920671955,49.45049909415488,10_year_growth_all,461.0,2604.0
2,302,Fremont,214.511083,2020,,0.475,27.22936231691115,10_year_growth_all,1881.0,5841.0
3,205,West Seattle Junction,270.4170255,2020,,0.8163791394011501,33.87360682288105,10_year_growth_all,4117.0,9160.0
4,111,Columbia City,334.5433404,2020,,0.6621826860490345,22.89987297562119,10_year_growth_all,3052.0,7661.0
5,414,First Hill/Capitol Hill,916.2218015,2020,,0.3700546082692522,53.67041028656422,10_year_growth_all,13282.0,49174.0
6,202,Roosevelt,170.2117761,2020,,0.7882262996941896,27.48340982736505,10_year_growth_all,2062.0,4678.0
7,312,South Lake Union,339.886927,2020,,2.419448860625331,37.96850945079156,10_year_growth_all,9131.0,12905.0
8,401,University District,751.9638778,2020,,0.30653551912568305,39.74526022106218,10_year_growth_all,7012.0,29887.0
9,103,Crown Hill,270.9887543,2020,,0.16750178954903364,18.056099828346273,10_year_growth_all,702.0,4893.0
10,127,Westwood-Highland Park,275.0621961,2020,,0.03148067737733391,17.27245716555231,10_year_growth_all,145.0,4751.0
11,201,Lake City,142.2670425,2020,,0.3031546550397538,35.714526082173954,10_year_growth_all,1182.0,5081.0
12,502,Greater Duwamish,4953.281793,2020,,0.7255639097744361,0.370663345379349,10_year_growth_all,772.0,1836.0
13,131,Madison-Miller,145.3234203,2020,,0.37998032464338416,38.610431741950954,10_year_growth_all,1545.0,5611.0
14,207,Green Lake,107.4446385,2020,,0.3546831955922865,36.61420481209028,10_year_growth_all,1030.0,3934.0
15,301,Northgate,412.2911233,2020,,0.20090634441087613,19.282491304609664,10_year_growth_all,1330.0,7950.0
16,110,North Beacon Hill,266.8762908,2020,,0.10178263369752731,21.53806912846977,10_year_growth_all,531.0,5748.0
17,501,Ballard-Interbay-Northend,931.9728637,2020,,0.15707133917396746,1.9839633448760898,10_year_growth_all,251.0,1849.0
18,102,Greenwood-Phinney Ridge,94.15764497,2020,,0.19303040655961737,37.08673895903622,10_year_growth_all,565.0,3492.0
19,413,Downtown,953.2817465,2020,,0.5599389062732827,43.927202166353446,10_year_growth_all,15031.0,41875.0
20,412,Uptown,333.000698,2020,,0.6219178082191781,35.555481027850576,10_year_growth_all,4540.0,11840.0
21,204,Rainier Beach,346.1438736,2020,,0.1797752808988764,13.953735334866836,10_year_growth_all,736.0,4830.0
22,109,23rd & Union-Jackson,625.2664128,2020,,0.3011472275334608,21.766721706757252,10_year_growth_all,3150.0,13610.0
23,114,Bitter Lake Village,363.7795662,2020,,0.3498561628678911,16.76839648724613,10_year_growth_all,1581.0,6100.0
24,305,Mt Baker,491.0180584,2020,,0.27267605633802816,13.801936372937277,10_year_growth_all,1452.0,6777.0
25,113,Admiral,98.24835065,2020,,0.29450261780104714,20.132653494066567,10_year_growth_all,450.0,1978.0
26,101,Aurora-Licton Springs,326.9585992,2020,,0.14322705939472408,21.605181870989618,10_year_growth_all,885.0,7064.0
27,206,Morgan Junction,113.3093773,2020,,0.15640273704789834,20.88088432200748,10_year_growth_all,320.0,2366.0
28,107,Eastlake,199.2559558,2020,,0.1998426435877262,30.613890438099517,10_year_growth_all,1016.0,6100.0
29,203,Wallingford,258.0056129,2020,,0.19926267281105992,25.216505667733866,10_year_growth_all,1081.0,6506.0
30,303,Ballard,495.4763052,2020,,0.5478146853146854,35.73732954364495,10_year_growth_all,6267.0,17707.0
31,128,South Park,263.7986201,2020,,-0.05974477958236659,12.289677628984686,10_year_growth_all,-206.0,3242.0
32,123,Othello,498.9632413,2020,,0.20653804930332262,22.56078017024057,10_year_growth_all,1927.0,11257.0
1,106,Upper Queen Anne,52.65872029,1990,,,36.480187695803195,10_year_frac_growth_all,,1921.0
2,302,Fremont,214.511083,1990,,,14.69854124040761,10_year_frac_growth_all,,3153.0
3,205,West Seattle Junction,270.4170255,1990,,,13.412617024736853,10_year_frac_growth_all,,3627.0
4,111,Columbia City,334.5433404,1990,,,12.796548258534697,10_year_frac_growth_all,,4281.0
5,414,First Hill/Capitol Hill,916.2218015,1990,,,31.58623812773353,10_year_frac_growth_all,,28940.0
6,202,Roosevelt,170.2117761,1990,,,12.983825506301146,10_year_frac_growth_all,,2210.0
7,312,South Lake Union,339.886927,1990,,,3.2834449087240123,10_year_frac_growth_all,,1116.0
8,401,University District,751.9638778,1990,,,24.158075322910147,10_year_frac_growth_all,,18166.0
9,103,Crown Hill,270.9887543,1990,,,13.284684116502468,10_year_frac_growth_all,,3600.0
10,127,Westwood-Highland Park,275.0621961,1990,,,13.687813350516619,10_year_frac_growth_all,,3765.0
11,201,Lake City,142.2670425,1990,,,14.838292572223816,10_year_frac_growth_all,,2111.0
12,502,Greater Duwamish,4953.281793,1990,,,0.28062203163251365,10_year_frac_growth_all,,1390.0
13,131,Madison-Miller,145.3234203,1990,,,19.46692414863291,10_year_frac_growth_all,,2829.0
14,207,Green Lake,107.4446385,1990,,,19.721784442506177,10_year_frac_growth_all,,2119.0
15,301,Northgate,412.2911233,1990,,,12.02548325638424,10_year_frac_growth_all,,4958.0
16,110,North Beacon Hill,266.8762908,1990,,,18.9863250302638,10_year_frac_growth_all,,5067.0
17,501,Ballard-Interbay-Northend,931.9728637,1990,,,1.3133429605886067,10_year_frac_growth_all,,1224.0
18,102,Greenwood-Phinney Ridge,94.15764497,1990,,,21.41090084233019,10_year_frac_growth_all,,2016.0
19,413,Downtown,953.2817465,1990,,,12.790552263029197,10_year_frac_growth_all,,12193.0
20,412,Uptown,333.000698,1990,,,13.429401280113833,10_year_frac_growth_all,,4472.0
21,204,Rainier Beach,346.1438736,1990,,,9.802282399835025,10_year_frac_growth_all,,3393.0
22,109,23rd & Union-Jackson,625.2664128,1990,,,12.204397747558016,10_year_frac_growth_all,,7631.0
23,114,Bitter Lake Village,363.7795662,1990,,,9.82188207359515,10_year_frac_growth_all,,3573.0
24,305,Mt Baker,491.0180584,1990,,,7.464083931948521,10_year_frac_growth_all,,3665.0
25,113,Admiral,98.24835065,1990,,,12.071449466108671,10_year_frac_growth_all,,1186.0
26,101,Aurora-Licton Springs,326.9585992,1990,,,14.402435083591465,10_year_frac_growth_all,,4709.0
27,206,Morgan Junction,113.3093773,1990,,,14.07650485781992,10_year_frac_growth_all,,1595.0
28,107,Eastlake,199.2559558,1990,,,18.132456746369435,10_year_frac_growth_all,,3613.0
29,203,Wallingford,258.0056129,1990,,,15.898878919312068,10_year_frac_growth_all,,4102.0
30,303,Ballard,495.4763052,1990,,,17.219794186840158,10_year_frac_growth_all,,8532.0
31,128,South Park,263.7986201,1990,,,8.953799679106055,10_year_frac_growth_all,,2362.0
32,123,Othello,498.9632413,1990,,,12.38167361568324,10_year_frac_growth_all,,6178.0
1,106,Upper Queen Anne,52.65872029,2000,97.0,,38.32223777726749,10_year_frac_growth_all,0.05049453409682457,2018.0
2,302,Fremont,214.511083,2000,288.0,,16.041129212890134,10_year_frac_growth_all,0.09134157944814462,3441.0
3,205,West Seattle Junction,270.4170255,2000,500.0,,15.261613030352631,10_year_frac_growth_all,0.13785497656465398,4127.0
4,111,Columbia City,334.5433404,2000,710.0,,14.918844278987777,10_year_frac_growth_all,0.16584910067741182,4991.0
5,414,First Hill/Capitol Hill,916.2218015,2000,4962.0,,37.00195732572295,10_year_frac_growth_all,0.17145818935729096,33902.0
6,202,Roosevelt,170.2117761,2000,269.0,,14.564209696887124,10_year_frac_growth_all,0.12171945701357466,2479.0
7,312,South Lake Union,339.886927,2000,431.0,,4.551513686197175,10_year_frac_growth_all,0.38620071684587814,1547.0
8,401,University District,751.9638778,2000,1498.0,,26.15019229052654,10_year_frac_growth_all,0.0824617417152923,19664.0
9,103,Crown Hill,270.9887543,2000,274.0,,14.295796185369602,10_year_frac_growth_all,0.07611111111111112,3874.0
10,127,Westwood-Highland Park,275.0621961,2000,565.0,,15.74189423844275,10_year_frac_growth_all,0.150066401062417,4330.0
11,201,Lake City,142.2670425,2000,617.0,,19.17520707580605,10_year_frac_growth_all,0.29227854097584083,2728.0
12,502,Greater Duwamish,4953.281793,2000,-42.0,,0.2721428047774305,10_year_frac_growth_all,-0.030215827338129497,1348.0
13,131,Madison-Miller,145.3234203,2000,269.0,,21.317967837562655,10_year_frac_growth_all,0.09508660303994344,3098.0
14,207,Green Lake,107.4446385,2000,223.0,,21.797271903893094,10_year_frac_growth_all,0.10523831996224635,2342.0
15,301,Northgate,412.2911233,2000,1173.0,,14.870560275290797,10_year_frac_growth_all,0.23658733360225898,6131.0
16,110,North Beacon Hill,266.8762908,2000,139.0,,19.507165602437997,10_year_frac_growth_all,0.027432405762778764,5206.0
17,501,Ballard-Interbay-Northend,931.9728637,2000,140.0,,1.463561926669003,10_year_frac_growth_all,0.11437908496732026,1364.0
18,102,Greenwood-Phinney Ridge,94.15764497,2000,292.0,,24.512082908778808,10_year_frac_growth_all,0.14484126984126985,2308.0
19,413,Downtown,953.2817465,2000,9362.0,,22.611363407659667,10_year_frac_growth_all,0.7678176002624457,21555.0
20,412,Uptown,333.000698,2000,613.0,,15.270238262383462,10_year_frac_growth_all,0.13707513416815742,5085.0
21,204,Rainier Beach,346.1438736,2000,946.0,,12.535250024427992,10_year_frac_growth_all,0.2788093132920719,4339.0
22,109,23rd & Union-Jackson,625.2664128,2000,1355.0,,14.37147400859079,10_year_frac_growth_all,0.17756519460096973,8986.0
23,114,Bitter Lake Village,363.7795662,2000,85.0,,10.055540057433825,10_year_frac_growth_all,0.023789532605653512,3658.0
24,305,Mt Baker,491.0180584,2000,879.0,,9.254242124631398,10_year_frac_growth_all,0.2398362892223738,4544.0
25,113,Admiral,98.24835065,2000,166.0,,13.76104525984732,10_year_frac_growth_all,0.1399662731871838,1352.0
26,101,Aurora-Licton Springs,326.9585992,2000,808.0,,16.87369597710217,10_year_frac_growth_all,0.17158632406031005,5517.0
27,206,Morgan Junction,113.3093773,2000,291.0,,16.644694772318726,10_year_frac_growth_all,0.18244514106583073,1886.0
28,107,Eastlake,199.2559558,2000,462.0,,20.4510825467632,10_year_frac_growth_all,0.12787157486853032,4075.0
29,203,Wallingford,258.0056129,2000,676.0,,18.518976956721858,10_year_frac_growth_all,0.16479765967820575,4778.0
30,303,Ballard,495.4763052,2000,862.0,,18.95953429338683,10_year_frac_growth_all,0.10103141115799344,9394.0
31,128,South Park,263.7986201,2000,729.0,,11.717271298948694,10_year_frac_growth_all,0.3086367485182049,3091.0
32,123,Othello,498.9632413,2000,352.0,,13.08713640505205,10_year_frac_growth_all,0.05697636775655552,6530.0
1,106,Upper Queen Anne,52.65872029,2010,125.0,,40.696013655443124,10_year_frac_growth_all,0.06194251734390486,2143.0
2,302,Fremont,214.511083,2010,519.0,,18.460584621634677,10_year_frac_growth_all,0.15082824760244115,3960.0
3,205,West Seattle Junction,270.4170255,2010,916.0,,18.648973712640736,10_year_frac_growth_all,0.22195299248849043,5043.0
4,111,Columbia City,334.5433404,2010,-382.0,,13.776989236997528,10_year_frac_growth_all,-0.07653776798236826,4609.0
5,414,First Hill/Capitol Hill,916.2218015,2010,1990.0,,39.173920486544986,10_year_frac_growth_all,0.058698601852398086,35892.0
6,202,Roosevelt,170.2117761,2010,137.0,,15.369089377594479,10_year_frac_growth_all,0.05526421944332392,2616.0
7,312,South Lake Union,339.886927,2010,2227.0,,11.103692728964536,10_year_frac_growth_all,1.4395604395604396,3774.0
8,401,University District,751.9638778,2010,3211.0,,30.420344215103466,10_year_frac_growth_all,0.163293327908869,22875.0
9,103,Crown Hill,270.9887543,2010,317.0,,15.465586425628292,10_year_frac_growth_all,0.08182756840474961,4191.0
10,127,Westwood-Highland Park,275.0621961,2010,276.0,,16.74530366334118,10_year_frac_growth_all,0.06374133949191686,4606.0
11,201,Lake City,142.2670425,2010,1171.0,,27.406206887304908,10_year_frac_growth_all,0.42925219941348974,3899.0
12,502,Greater Duwamish,4953.281793,2010,-284.0,,0.21480708032877305,10_year_frac_growth_all,-0.21068249258160238,1064.0
13,131,Madison-Miller,145.3234203,2010,968.0,,27.978972636387912,10_year_frac_growth_all,0.31245965138799225,4066.0
14,207,Green Lake,107.4446385,2010,562.0,,27.02787259133456,10_year_frac_growth_all,0.23996584116140052,2904.0
15,301,Northgate,412.2911233,2010,489.0,,16.05661540081962,10_year_frac_growth_all,0.07975860381666938,6620.0
16,110,North Beacon Hill,266.8762908,2010,11.0,,19.548383201674806,10_year_frac_growth_all,0.0021129466000768342,5217.0
17,501,Ballard-Interbay-Northend,931.9728637,2010,234.0,,1.7146421985462366,10_year_frac_growth_all,0.17155425219941348,1598.0
18,102,Greenwood-Phinney Ridge,94.15764497,2010,619.0,,31.086164070188723,10_year_frac_growth_all,0.26819757365684577,2927.0
19,413,Downtown,953.2817465,2010,5289.0,,28.15956573023503,10_year_frac_growth_all,0.2453723034098817,26844.0
20,412,Uptown,333.000698,2010,2215.0,,21.921875971563278,10_year_frac_growth_all,0.43559488692232057,7300.0
21,204,Rainier Beach,346.1438736,2010,-245.0,,11.82745185526808,10_year_frac_growth_all,-0.056464623185065684,4094.0
22,109,23rd & Union-Jackson,625.2664128,2010,1474.0,,16.728869144208733,10_year_frac_growth_all,0.1640329401290897,10460.0
23,114,Bitter Lake Village,363.7795662,2010,861.0,,12.422357987846762,10_year_frac_growth_all,0.23537452159650082,4519.0
24,305,Mt Baker,491.0180584,2010,781.0,,10.84481498980242,10_year_frac_growth_all,0.171875,5325.0
25,113,Admiral,98.24835065,2010,176.0,,15.552423932726853,10_year_frac_growth_all,0.1301775147928994,1528.0
26,101,Aurora-Licton Springs,326.9585992,2010,662.0,,18.898417154706234,10_year_frac_growth_all,0.11999274968279862,6179.0
27,206,Morgan Junction,113.3093773,2010,160.0,,18.05675795554831,10_year_frac_growth_all,0.08483563096500531,2046.0
28,107,Eastlake,199.2559558,2010,1009.0,,25.51492114545868,10_year_frac_growth_all,0.2476073619631902,5084.0
29,203,Wallingford,258.0056129,2010,647.0,,21.026674338680635,10_year_frac_growth_all,0.13541230640435328,5425.0
30,303,Ballard,495.4763052,2010,2046.0,,23.088894221454687,10_year_frac_growth_all,0.21779859484777517,11440.0
31,128,South Park,263.7986201,2010,357.0,,13.070576330888093,10_year_frac_growth_all,0.11549660304108703,3448.0
32,123,Othello,498.9632413,2010,2800.0,,18.698772229576665,10_year_frac_growth_all,0.42879019908116384,9330.0
1,106,Upper Queen Anne,52.65872029,2020,461.0,,49.45049909415488,10_year_frac_growth_all,0.2151189920671955,2604.0
2,302,Fremont,214.511083,2020,1881.0,,27.22936231691115,10_year_frac_growth_all,0.475,5841.0
3,205,West Seattle Junction,270.4170255,2020,4117.0,,33.87360682288105,10_year_frac_growth_all,0.8163791394011501,9160.0
4,111,Columbia City,334.5433404,2020,3052.0,,22.89987297562119,10_year_frac_growth_all,0.6621826860490345,7661.0
5,414,First Hill/Capitol Hill,916.2218015,2020,13282.0,,53.67041028656422,10_year_frac_growth_all,0.3700546082692522,49174.0
6,202,Roosevelt,170.2117761,2020,2062.0,,27.48340982736505,10_year_frac_growth_all,0.7882262996941896,4678.0
7,312,South Lake Union,339.886927,2020,9131.0,,37.96850945079156,10_year_frac_growth_all,2.419448860625331,12905.0
8,401,University District,751.9638778,2020,7012.0,,39.74526022106218,10_year_frac_growth_all,0.30653551912568305,29887.0
9,103,Crown Hill,270.9887543,2020,702.0,,18.056099828346273,10_year_frac_growth_all,0.16750178954903364,4893.0
10,127,Westwood-Highland Park,275.0621961,2020,145.0,,17.27245716555231,10_year_frac_growth_all,0.03148067737733391,4751.0
11,201,Lake City,142.2670425,2020,1182.0,,35.714526082173954,10_year_frac_growth_all,0.3031546550397538,5081.0
12,502,Greater Duwamish,4953.281793,2020,772.0,,0.370663345379349,10_year_frac_growth_all,0.7255639097744361,1836.0
13,131,Madison-Miller,145.3234203,2020,1545.0,,38.610431741950954,10_year_frac_growth_all,0.37998032464338416,5611.0
14,207,Green Lake,107.4446385,2020,1030.0,,36.61420481209028,10_year_frac_growth_all,0.3546831955922865,3934.0
15,301,Northgate,412.2911233,2020,1330.0,,19.282491304609664,10_year_frac_growth_all,0.20090634441087613,7950.0
16,110,North Beacon Hill,266.8762908,2020,531.0,,21.53806912846977,10_year_frac_growth_all,0.10178263369752731,5748.0
17,501,Ballard-Interbay-Northend,931.9728637,2020,251.0,,1.9839633448760898,10_year_frac_growth_all,0.15707133917396746,1849.0
18,102,Greenwood-Phinney Ridge,94.15764497,2020,565.0,,37.08673895903622,10_year_frac_growth_all,0.19303040655961737,3492.0
19,413,Downtown,953.2817465,2020,15031.0,,43.927202166353446,10_year_frac_growth_all,0.5599389062732827,41875.0
20,412,Uptown,333.000698,2020,4540.0,,35.555481027850576,10_year_frac_growth_all,0.6219178082191781,11840.0
21,204,Rainier Beach,346.1438736,2020,736.0,,13.953735334866836,10_year_frac_growth_all,0.1797752808988764,4830.0
22,109,23rd & Union-Jackson,625.2664128,2020,3150.0,,21.766721706757252,10_year_frac_growth_all,0.3011472275334608,13610.0
23,114,Bitter Lake Village,363.7795662,2020,1581.0,,16.76839648724613,10_year_frac_growth_all,0.3498561628678911,6100.0
24,305,Mt Baker,491.0180584,2020,1452.0,,13.801936372937277,10_year_frac_growth_all,0.27267605633802816,6777.0
25,113,Admiral,98.24835065,2020,450.0,,20.132653494066567,10_year_frac_growth_all,0.29450261780104714,1978.0
26,101,Aurora-Licton Springs,326.9585992,2020,885.0,,21.605181870989618,10_year_frac_growth_all,0.14322705939472408,7064.0
27,206,Morgan Junction,113.3093773,2020,320.0,,20.88088432200748,10_year_frac_growth_all,0.15640273704789834,2366.0
28,107,Eastlake,199.2559558,2020,1016.0,,30.613890438099517,10_year_frac_growth_all,0.1998426435877262,6100.0
29,203,Wallingford,258.0056129,2020,1081.0,,25.216505667733866,10_year_frac_growth_all,0.19926267281105992,6506.0
30,303,Ballard,495.4763052,2020,6267.0,,35.73732954364495,10_year_frac_growth_all,0.5478146853146854,17707.0
31,128,South Park,263.7986201,2020,-206.0,,12.289677628984686,10_year_frac_growth_all,-0.05974477958236659,3242.0
32,123,Othello,498.9632413,2020,1927.0,,22.56078017024057,10_year_frac_growth_all,0.20653804930332262,11257.0
